gameId,playId,punt_distance,punt_direction,kick_type,kick_contact_type,hang_time,furthest_blocker_dist,closest_gunner_dist
2018090600,1989,57,C,N,CC,4.62,35.15116641023452,11.032955179823768
2018090600,2406,38,C,N,CC,4.69,35.51895972575774,1.234706442843808
2018090600,2599,46,L,N,CC,4.16,43.18628717544493,5.008193287004797
2018090600,3225,38,L,N,MBC,4.08,30.120698863074214,4.458519933789686
2018090600,366,56,C,N,CC,4.46,51.37131495299687,20.51315919111437
2018090600,3868,52,C,N,CC,4.4,55.22939887415034,5.005486989294851
2018090600,973,49,L,N,CC,4.98,67.57654992673123,1.9334166648707702
2018090900,1136,49,C,N,CC,3.62,54.8149468667078,11.773941566017724
2018090900,1360,50,C,N,CC,4.52,42.01980604429298,4.843325303962157
2018090900,2097,58,C,N,MBDR,4.67,34.04474261908878,2.658495815306083
2018090900,3079,46,C,N,CC,4.06,35.77050460924476,16.55235632772567
2018090900,3655,50,L,N,CC,4.07,36.34024353248063,14.076285021268925
2018090900,3851,54,R,N,CFFG,3.23,57.158189264531465,11.651956917187773
2018090900,4325,43,R,A,CC,3.8,49.98092636196332,5.650079645456335
2018090900,485,46,R,N,CC,4.34,37.59665543635498,7.960226127441352
2018090900,575,63,L,A,CFFG,4.2,59.17649279908366,24.183475763421608
2018090900,674,51,C,N,CC,4.78,50.37685976715896,5.479598525439616
2018090901,1491,39,L,A,CC,3.92,48.78708538127688,5.481788029466295
2018090901,2632,45,C,N,CC,3.86,49.19700194117522,14.240621475202548
2018090901,2907,33,L,A,CC,4.22,37.70892865091767,9.03168865716705
2018090901,3215,22,L,A,CC,4.08,27.87132217889923,2.971363323459452
2018090901,4136,51,C,N,CC,4.1,40.20651688470416,12.615173403485185
2018090901,4352,39,C,N,CC,4.81,33.909333523382614,1.1301769772916122
2018090901,4648,49,R,N,CC,4.34,60.54450346645846,3.7306567786383127
2018090901,4833,53,C,N,CC,4.98,41.74911975119954,13.222000605052171
2018090901,588,47,C,N,CC,4.02,50.907391408321054,5.262090839200705
2018090901,887,52,C,N,CC,4.77,58.57024671281486,9.574157926418385
2018090902,2228,49,L,N,CC,4.14,43.58795361106093,6.611278242518609
2018090902,3547,46,C,N,CC,5.08,37.000670264199265,2.1219095173922935
2018090903,1844,55,R,N,CC,4.09,63.44403596871813,28.942302949143492
2018090903,1993,45,C,N,CC,3.4,43.86929905982087,22.521500838088038
2018090903,2094,35,L,A,CC,4.12,44.178982559583694,5.375323246094141
2018090903,2176,65,C,N,CC,4.57,50.709451781694504,18.991727146312943
2018090903,3163,49,R,N,CC,4.4,49.29466705435792,2.956568957423454
2018090905,1555,47,C,N,CC,4.18,35.663237374080325,12.515989773086261
2018090905,2393,42,L,N,CC,4.55,48.66180843330836,8.705544210444284
2018090905,3669,37,C,A,CC,4.1,41.38967262494354,1.7893294833540334
2018090905,3749,55,C,N,CC,4.53,52.57836532263055,18.346664546996003
2018090905,3844,48,C,N,MBDR,4.44,37.51772514425681,4.179294198785251
2018090905,497,40,C,A,CC,4,34.242946718996016,4.214451328464948
2018090906,1373,56,C,N,CC,4.77,44.38395768743477,4.96326505437701
2018090906,2681,42,R,N,CC,3.83,41.143927863051665,3.721625988731267
2018090906,2776,42,C,N,CC,4.46,46.808823954463975,3.682662080615054
2018090906,2947,58,L,N,CC,4.59,54.62986088212197,4.757320674497358
2018090907,2708,55,R,N,CC,4.34,50.17026709117662,12.559060474414489
2018090907,3215,36,C,N,CC,4.19,29.164822989347968,5.740679402300738
2018090907,3497,44,C,N,CC,4.16,46.70531554330835,6.872153956366234
2018090907,3618,54,C,N,CC,4.14,58.934383851873775,8.690138088661193
2018090907,3801,47,R,N,CC,4.84,35.28621402190947,2.3272301132462214
2018090907,4113,41,C,N,MBDR,3.87,44.676920216147394,2.9828342226815088
2018090909,1416,56,L,N,CC,4.71,54.33212401517173,3.9585477134929152
2018090909,1990,33,L,A,CC,4.13,33.156249787935906,4.27168584987239
2018090909,2106,55,C,N,CC,4.58,43.95109327422926,17.867988135209853
2018090909,2247,57,R,N,CC,4.47,42.94931431350214,18.34601046549358
2018090909,2663,34,C,A,CC,4.35,33.400887712753985,2.319353358158266
2018090909,309,38,C,A,CC,4.41,37.04861265958551,5.738640954093575
2018090909,3706,59,C,N,CC,4.57,44.235046060787596,13.403081735183148
2018090909,918,57,C,N,CC,4.24,46.25480731772644,14.66094812759393
2018090910,1047,51,C,N,BC,4.77,31.27936220577395,15.743204883377466
2018090910,1329,49,R,N,CC,4.79,36.85388446283512,13.19601833887783
2018090910,1448,50,L,N,CC,4.86,50.124983790521064,2.7402919552485665
2018090910,1582,56,R,N,CC,4.66,46.634931113919315,20.00152494186381
2018090910,172,55,L,N,CC,4.44,49.361597421477356,5.820420946976252
2018090910,2269,50,L,N,CC,4.79,37.71160166314871,4.577510240294392
2018090910,2467,31,C,A,CC,4.53,39.23878183634145,3.747866059506395
2018090910,2550,50,C,N,CC,4.68,35.61357606306898,6.822939249326495
2018090910,3477,52,R,N,CC,4.59,46.2924885915631,12.518378489245325
2018090910,700,51,L,N,CC,5.11,36.52701192268538,9.542588747294937
2018090910,966,33,C,A,CC,4.37,34.0798180746318,3.3572607882021805
2018090912,1055,63,C,N,CC,4.65,41.35188508399587,11.30557384655904
2018090912,1149,58,C,N,CC,4.86,50.5016633389436,13.49954073292866
2018090912,1577,49,L,N,CC,4.86,41.54230855405125,2.2256909039666692
2018090912,2562,48,C,N,CC,5.05,47.12064727908563,1.6673631877908364
2018090912,2892,41,C,N,CC,4.05,37.902955029918175,2.0354115063053007
2018090912,583,44,C,N,CC,4.32,42.61357999511424,5.461300211488105
2018090912,943,51,R,N,CC,4.58,53.61621489810708,5.278370960817361
2018091000,1545,45,C,N,CC,4.24,40.38208142233385,4.491647804536771
2018091000,2626,52,R,N,CC,4.08,45.60500520776202,6.94447262216506
2018091000,349,40,L,A,BC,4.48,28.518739453208656,5.064632267006163
2018091000,469,55,R,N,CC,4.65,42.41245571763088,17.853809117384447
2018091001,2597,45,C,N,CC,4.52,49.456939856808766,6.490747260524011
2018091001,2840,35,C,N,CFFG,4.52,25.49946666108921,6.818401572216171
2018091001,3121,43,L,N,CC,4.61,44.57453308785185,8.570705921917984
2018091001,384,62,C,N,CC,4.26,49.56109865610326,11.001690779148449
2018091001,499,55,L,N,CC,4.58,52.32084479440293,15.157922021174281
2018091300,1023,59,C,N,CC,4.87,41.51647865607101,17.431939077452057
2018091300,122,60,R,N,MBDR,4.06,55.62590943076796,12.605256839906117
2018091300,2465,43,R,N,CC,4.17,52.61365317101636,6.491918052471076
2018091300,304,55,C,N,CC,5.06,44.44632830729666,12.277011036893303
2018091300,3261,44,R,N,CC,4.94,44.98973327327026,1.8094474294656921
2018091300,3854,37,R,N,CC,4.24,39.01062034882296,3.730656778638314
2018091600,2116,48,C,N,CC,4.56,32.59736492417753,8.368159893309883
2018091600,2551,37,R,A,CC,4.36,44.27131125232231,6.576093065034886
2018091600,3830,54,C,N,CC,4.82,33.99959558583013,2.834237110758375
2018091600,773,39,C,N,CC,3.95,42.24262894281083,1.2984991336154232
2018091601,121,52,L,N,CC,4.52,41.759255261558486,1.3532553343696834
2018091601,1289,50,C,N,CC,4.88,50.94698813472685,7.717460722284241
2018091601,205,44,C,N,CC,3.56,47.29086698295983,15.64212261811037
2018091601,2813,45,C,N,BOG,3.85,35.55382539193216,12.581836114017698
2018091601,426,42,C,N,CC,3.59,43.11250398666262,14.318173766231503
2018091602,1198,63,R,N,CC,5.51,60.417014987501666,7.705511014851648
2018091602,1330,48,R,N,CC,4.71,30.943690794732298,6.853531936162556
2018091602,1446,59,L,N,CC,5.24,65.55620489320594,11.381783691495816
2018091602,223,44,C,N,CC,5.02,42.583557859812515,8.051832089655129
2018091602,2412,46,R,N,CC,4.86,33.6594622654611,0.4272001872658747
2018091603,129,29,L,N,CC,4.58,37.35597408715238,5.135601230625293
2018091603,1907,56,L,N,CC,4.94,43.68295434148198,4.500144442126275
2018091603,2107,45,NA,N,CC,4.91,31.40472894326586,5.062114182829145
2018091603,2658,32,L,A,CC,4.55,23.613733292302594,1.1388590782006343
2018091603,3415,46,C,N,CC,4.56,26.970437519625072,1.4599315052426238
2018091603,971,46,L,N,CC,4.63,42.97656221709689,1.5542522317822185
2018091604,1017,41,L,A,CC,4.32,60.67149907493633,2.513722339479842
2018091604,1206,44,R,A,CC,4.41,46.61375869847871,4.192970307550483
2018091604,1549,60,C,N,CC,4.41,49.96967080139712,20.579662290717994
2018091604,2528,48,R,A,CC,4.38,54.53653546018486,2.4738633753705956
2018091604,2659,56,R,N,CC,4.23,72.68991952121009,11.052393405955106
2018091604,303,46,C,N,CC,4.74,41.24147063333218,1.8939112967612863
2018091604,3295,55,L,N,CC,4.47,52.87029506253961,3.511765937530582
2018091604,815,60,L,N,CC,3.85,52.80061363279787,22.439128770966132
2018091604,909,37,C,A,CC,4.6,27.63990774224834,1.2211879462228559
2018091605,145,39,L,N,CC,4.49,38.74461123820963,4.258567834378125
2018091605,1943,45,C,N,CC,4.25,49.34796551024166,11.720755095129324
2018091605,373,39,R,N,CFFG,3.15,52.53050637486755,10.322620791252579
2018091606,1757,51,C,A,CC,3.46,57.80472126046453,15.289686066103515
2018091606,182,63,C,N,CC,4.69,48.86944341815241,15.32950423203568
2018091606,2649,65,C,N,CC,4.75,55.53715963208778,21.357258719227044
2018091606,2807,47,L,N,CC,4.47,63.45186522081127,6.011530587130033
2018091606,340,53,R,N,CC,4.6,43.44077807774626,15.281914147121752
2018091606,3523,35,C,N,CC,3.85,35.04799280986003,0.9684007434941447
2018091606,4125,47,C,N,CC,4.28,48.86491583948549,14.414676548573683
2018091606,593,56,R,N,CC,4.83,49.43448290414293,3.3154788492765235
2018091607,1227,50,R,N,CC,4.44,57.06294769813421,12.260379276351939
2018091607,1334,47,L,N,CC,4.39,49.55099292647929,6.559085302082912
2018091607,1567,46,R,N,CC,4.76,32.09750769140807,7.767058645330291
2018091607,2458,51,L,N,CC,4.57,33.57682831954204,8.454188311127218
2018091607,2794,52,C,N,CC,4.27,39.1993086673732,4.3354469204454515
2018091608,1534,53,R,N,CC,4.22,66.00749654395324,5.782914490116557
2018091608,1636,39,C,A,CC,3.94,53.34183536399924,3.1184932259025313
2018091608,2073,39,L,A,CC,4.94,42.14302907955241,2.743082208028044
2018091608,2884,44,C,A,CC,3.98,52.34332908785989,10.057957049023416
2018091608,454,34,R,A,CC,4.11,42.42625719999349,5.868219491464169
2018091608,541,54,R,N,CC,4.51,62.98659222405987,14.56416492628396
2018091609,1057,49,C,N,CC,4.51,40.498595037359,6.082647449918495
2018091609,1552,58,C,N,CC,4.25,50.80009547235123,14.969816298138062
2018091609,2032,52,C,N,CC,4.26,43.085433733455666,13.251101840979107
2018091609,2352,58,C,N,CC,4.42,49.133740952628465,7.965236970737274
2018091609,2691,54,R,N,CFFG,3.1,53.345324068750394,11.64766929475592
2018091609,2928,43,C,N,CC,4,40.49241904356912,3.1402706889693417
2018091609,783,46,C,N,CC,3.53,43.601231633980255,16.194261329248707
2018091610,1306,43,C,N,CC,3.85,38.729261547310706,6.482977710897978
2018091610,1440,44,C,N,CC,4.12,34.450359940064494,3.8233493170255888
2018091610,1855,42,C,N,CC,4.1,42.54926791379612,7.751090245894445
2018091610,1960,59,C,N,CC,4.63,44.549075186809425,20.35945971778229
2018091610,249,38,L,A,CC,4.11,39.30694849514523,3.1262117650600763
2018091610,2919,31,C,A,CC,4.72,23.70148096638689,1.5572411502397396
2018091610,3362,44,C,N,CC,3.65,37.820473291591675,5.133673148925626
2018091610,3871,49,C,N,CC,4.82,51.30155943048906,9.242494252094513
2018091610,4585,44,R,N,CC,4.4,42.37249697622268,3.8003289331319783
2018091611,1355,41,C,N,CC,4.78,42.11793560942891,1.8827904822364006
2018091611,378,46,C,N,CC,4.12,50.69754333298608,7.128990110808117
2018091611,698,56,C,N,CC,4.68,53.8032015776013,4.206007608171902
2018091611,797,51,L,N,CC,4.02,43.61278023699016,17.69364292620375
2018091612,2450,55,C,N,CC,4.45,44.910912927706114,4.004047951760818
2018091612,3460,59,C,N,CC,4.52,55.23250130131714,7.473004750433392
2018091612,568,56,L,N,CC,4.39,45.01800639744057,15.527137534008
2018091613,1035,42,L,N,CFFG,3.94,43.86892408072028,4.440011261246985
2018091613,1339,42,L,A,CC,4.58,47.66168377218749,1.9884164553734707
2018091613,1575,48,C,N,CC,4.55,32.84164429501057,9.151808564431407
2018091613,1811,40,C,A,CC,4.62,40.329424741744084,3.273713487768896
2018091613,2608,47,C,N,CC,4.93,40.44548058807065,4.454570686384939
2018091613,2715,43,C,N,CC,3.56,36.4506241373176,8.131525072211247
2018091613,300,35,C,A,CC,4.5,35.849714085331286,1.480607983228514
2018091613,915,45,R,N,CC,5.35,43.06414053478834,2.7511815643464894
2018091700,1238,55,C,N,CC,4.92,34.91786075921605,8.139465584422604
2018091700,227,40,C,A,CC,4.36,45.68251525474489,5.137207412592953
2018091700,2286,52,C,N,CC,3.88,49.944659374151314,12.401298319127719
2018091700,2401,51,C,N,CC,4.77,53.68063431070837,14.523570497642794
2018091700,2606,42,L,A,CC,4.58,37.54763641029885,2.720165436145385
2018091700,2742,53,C,N,CC,4.61,43.672023081144296,11.716761497956675
2018091700,3513,43,L,N,CC,4.59,37.871315002254676,1.888306119250807
2018091700,735,54,R,N,CC,4.76,46.49172507016705,16.188372370315676
2018091700,949,32,C,A,CC,4.63,30.477522865219864,3.7403342096663055
2018092000,1061,55,R,N,CC,4.41,45.78242566749822,8.052459251682066
2018092000,116,44,C,N,CC,4.64,34.84024253646923,5.726168003123908
2018092000,1849,50,R,N,CC,4.95,39.76289727874466,7.491341668886817
2018092000,202,51,C,N,CFFG,3.93,43.8320533399931,18.594227598908216
2018092000,2359,54,C,N,CC,4.45,47.7500848166786,6.776341195660089
2018092000,2943,50,C,N,CC,4.97,31.68856260545751,17.131973032899626
2018092000,453,43,C,N,CC,3.75,45.626352034761666,15.915882005091643
2018092000,542,30,C,A,CC,4.39,29.394661079862782,9.670873797129195
2018092000,680,62,C,N,CC,4.97,42.69297366077935,23.844378792495306
2018092300,1127,44,C,N,CC,5.04,42.653808739665905,5.783156577510243
2018092300,1435,37,C,N,CC,4.04,31.484732808140514,5.134082196459263
2018092300,2075,44,C,N,CC,4.13,45.99997391303608,3.7731816812870287
2018092300,2602,49,R,N,CC,4.65,40.33005454992592,10.0667224060267
2018092300,382,48,R,N,CFFG,3.73,43.0841838729713,11.199330337122847
2018092300,4324,43,C,A,CC,4.56,52.38660611263149,2.03855340866998
2018092300,477,57,C,N,CC,4,53.8802607640312,12.259241412093981
2018092301,1121,48,R,N,CC,4.75,64.4404050266601,2.680783467570629
2018092301,1577,42,L,N,CFFG,2.84,46.76710916873096,19.20937271229855
2018092301,1907,39,L,A,CC,4.02,48.40420746174861,3.3053441575727094
2018092301,2126,57,C,N,CC,4.72,47.44635813210535,10.133706133493316
2018092301,2495,55,C,N,CC,4.62,49.40518697464872,12.153620859645079
2018092301,3423,45,C,N,CC,3.07,40.38481397753368,14.244061920674165
2018092301,3819,47,L,A,CC,4.09,55.29167839738634,14.948367803877451
2018092302,123,42,R,N,CC,4.88,45.8628389875725,3.1312936623702368
2018092302,2105,38,C,N,CC,3.51,35.68758047276391,14.015295216298512
2018092302,2237,34,R,A,CC,4.22,53.504214787248294,7.3271890926875995
2018092302,2932,46,C,N,CC,4.76,29.65754541427864,1.7933767033169585
2018092302,3100,59,R,N,CC,5.06,49.785982967096274,8.968087867544565
2018092302,3437,30,R,A,CC,NA,52.01773735948153,7.698324493030935
2018092303,1215,56,C,N,CC,4.92,28.770331941081253,3.1933994426003127
2018092303,1565,42,L,N,CC,4.31,39.7451984521401,3.7190321321548168
2018092303,2467,53,R,N,CC,4.69,44.23341949250588,21.381162269624166
2018092303,2722,53,R,N,CC,4.54,43.58833903694885,11.37409776641646
2018092303,3026,53,C,N,CC,4.31,40.974046663711405,11.139896767923835
2018092303,755,57,C,N,MBDR,4.29,51.271536938149225,13.797829539460189
2018092304,1035,52,R,N,CC,3.93,58.392823189155706,26.079144924632786
2018092304,1431,54,C,N,CFFG,4.49,41.60254920074009,12.25612091976903
2018092304,1562,40,C,N,CC,3.61,40.534077021686336,10.64314333268138
2018092304,1755,40,C,N,CC,3.41,28.23185789139638,15.245343551392999
2018092304,2500,45,C,A,CC,4.23,47.724670768901056,11.156903692333284
2018092304,3542,45,C,N,CC,4.16,45.340940660731775,9.070049613976762
2018092305,1467,43,C,N,CC,4.65,35.33891481072954,3.545941341872422
2018092305,2775,39,R,A,CC,4.73,43.33313974315732,3.624155073944833
2018092305,3119,48,C,N,CC,4.17,35.50135772051542,9.062626550840552
2018092305,612,33,L,A,CC,4.76,38.258993713896864,5.826834475081643
2018092306,1882,34,R,A,CC,4.39,44.934263096216455,6.673687136808255
2018092306,2084,56,C,N,CC,4.72,59.10451928575344,4.6983507744739494
2018092306,250,59,C,N,CFFG,4.89,46.44716568317167,0.9070832376358806
2018092306,2776,54,L,N,CC,4.52,67.98543961761224,9.65161644492776
2018092306,2945,42,C,A,MBDR,4.59,43.055068226632734,4.539438291242649
2018092307,2461,36,C,N,MBDR,3.92,43.94785205217655,3.654435660946842
2018092307,2923,60,C,N,CC,4.79,42.99418565341133,15.299287565112307
2018092308,1329,31,C,A,CC,4.46,28.657487677743138,3.1283382170091474
2018092308,150,39,C,N,CC,4.04,24.14249779952356,2.9600168918436944
2018092308,1847,47,C,A,CC,4.33,36.61480711406248,9.088212145411225
2018092308,2129,42,L,N,CC,4.29,45.53929402175664,2.480403193031324
2018092308,2966,52,C,N,MBDR,4.67,39.61891719873222,2.0247468977627805
2018092308,4183,52,C,N,CC,3.72,51.27321425461837,7.403546447480427
2018092308,569,53,C,N,MBDR,4.13,36.47575084902297,4.628228602824194
2018092309,2700,57,R,N,CC,4.2,57.65951265836367,8.955400605221408
2018092309,297,42,C,N,CC,3.68,35.57089259492935,3.8657082145449126
2018092309,3111,29,L,A,CC,4.26,28.622726983989484,5.325607946516528
2018092309,3278,58,C,N,CC,4.51,59.8024991116592,7.590322786285174
2018092309,3402,55,C,N,CC,4.71,49.0245418132592,14.679131445695274
2018092309,3605,42,C,N,CC,4.3,42.12441690991105,2.661766330841234
2018092309,3692,45,R,N,CC,4.61,28.505643300932537,3.1127158559688652
2018092309,394,49,R,N,CC,4.12,48.07914412715767,10.312346968561522
2018092309,494,49,R,N,CC,4.84,37.37006556055261,2.9756679922330074
2018092310,1095,50,C,N,CC,4.17,43.08101437988664,16.088769374939776
2018092310,301,52,L,N,CC,4.51,47.719581934463754,9.736102916465086
2018092310,3559,49,R,N,CC,4.41,35.211069282258386,16.32108145926611
2018092311,1239,61,C,N,CC,4.57,63.841805268961494,6.155079203389666
2018092311,1847,54,R,N,CC,4.38,51.458158731147776,6.8803560954357685
2018092311,2159,61,R,N,CC,4.89,59.42907201025437,4.553174716612576
2018092311,3922,48,C,A,CC,4.55,51.05640018646047,8.45653593382066
2018092311,561,49,L,N,CC,5.09,51.554853311788214,5.600607109947992
2018092312,1141,50,L,N,CC,4.91,40.035509238674614,8.728722701518244
2018092312,156,44,C,N,CC,5.01,31.34872405696921,5.169390679761014
2018092312,2052,50,C,N,CC,4.44,50.87908214580921,17.59013928313247
2018092312,2384,61,R,N,CC,4.43,49.32352886807674,9.213517243702311
2018092312,2603,40,C,N,CC,4.83,35.6420271589594,5.537111160162851
2018092312,3440,45,C,R,CC,3.94,41.17876151610196,18.124706894181763
2018092312,3753,48,C,N,CFFG,3.52,37.63098855996213,16.208670519200517
2018092312,4215,39,C,N,CC,3.27,46.189197871363824,16.239485829298914
2018092312,931,48,C,N,CC,4.83,44.30763929617555,1.6329421300217488
2018092313,2625,46,R,A,CC,3.98,38.027480852667594,14.483266206211912
2018092313,2959,51,L,N,CC,4.11,50.24072949311146,19.443585060374023
2018092313,3059,50,R,N,CC,4.26,54.12167865098051,1.5473848907107766
2018092313,991,46,C,N,CC,4.34,28.63859808021335,17.907819521091895
2018092400,1575,43,C,N,CC,3.97,33.7876308728505,2.215626322284517
2018092400,223,34,C,N,CC,4.49,43.86751531600576,1.570350279396287
2018092400,3619,46,C,N,CC,3.62,55.42030313883171,12.585058601373296
2018092400,4221,64,C,N,CC,4.42,55.01825151711022,19.02447108331793
2018092700,1895,43,R,N,CC,4.46,50.61710481645508,3.542781393199418
2018092700,3422,48,C,N,CC,4.63,58.82040802306627,5.585955603117514
2018093000,2659,31,C,A,CC,4.33,32.4196730396838,2.1865269264292175
2018093000,2805,41,C,N,CC,3.78,40.5248084511204,11.082129759211444
2018093001,1367,45,C,N,CC,4.83,38.46501397373982,10.776316624895532
2018093001,1656,42,L,N,CC,4.75,45.87605148658721,3.210996729988991
2018093001,303,51,C,N,CC,4.65,40.04885516466107,9.130788574926047
2018093001,3107,45,C,A,CC,4.35,46.77657960988597,6.304871132703665
2018093001,430,51,C,A,CC,4.73,38.973863036655736,5.603784435539975
2018093001,652,45,L,N,ICC,3.61,54.01052582599062,15.184498674635261
2018093002,1967,43,C,N,CC,4.79,27.394044973314916,6.300126982847253
2018093002,2352,36,R,A,CC,4.43,37.04771517921179,3.1515869018638845
2018093002,2435,52,R,N,CC,4.59,44.453222605341004,2.780647406630335
2018093002,428,31,L,A,CC,4.34,32.14502294290673,2.2339650847763943
2018093003,1173,48,R,N,CC,4.55,41.50460817788792,1.798693970635364
2018093003,126,46,C,N,CC,4.58,32.501483043085905,5.354941643006026
2018093003,1327,33,C,A,CC,4.16,29.035669442945515,1.6391766225761
2018093003,2692,49,C,N,CC,4.72,32.17344401832045,6.88619633760177
2018093003,2796,43,C,N,CFFG,4.35,36.85274752308164,6.371506886129846
2018093003,2899,39,C,N,CC,4.35,31.362584396060225,7.012331994422401
2018093003,3281,42,R,N,CC,5.23,33.097572418532444,1.9525624189766633
2018093003,354,35,C,A,CC,3.99,39.75144399892915,1.5861904047118693
2018093003,439,50,C,N,CC,4.78,39.04180451772177,1.376117727521891
2018093003,799,36,R,A,CC,4.14,37.263496883679615,4.441013397863151
2018093004,1181,37,L,A,CC,4.78,43.80956973082479,11.632596442755158
2018093004,1631,47,R,N,CC,4.52,60.7825180458987,14.539136838203289
2018093004,1734,49,R,N,CC,4.33,45.22417163420465,4.886604137844608
2018093004,2001,31,C,A,CC,4.18,50.14957626939634,7.479605604575687
2018093004,3535,51,R,N,CC,4.78,43.35320980042885,9.373846595715124
2018093004,734,57,C,N,CC,4.17,46.0905738736241,24.697742811844165
2018093005,2985,52,C,N,CC,4.24,44.89711015199085,9.949522601612596
2018093005,3121,40,C,N,CC,3.34,49.60090724976712,12.830970345223312
2018093005,3646,45,L,N,CC,5.42,38.33224230331432,1.5893709447451267
2018093005,3731,46,R,N,BOG,3.39,55.18206320898123,19.50323306531509
2018093005,4036,48,C,N,CC,4.42,54.966486152927764,17.284241377624884
2018093005,725,61,C,N,CFFG,4.3,46.68415684148103,9.689220814905594
2018093006,1487,36,C,N,CC,3.17,41.147403320258256,13.68599283939605
2018093006,1666,50,R,N,CFFG,3.64,37.04319775613331,18.086154925798905
2018093006,2346,44,C,N,CC,4.12,48.11243602230093,13.727712846647107
2018093006,2469,52,C,N,CC,4.86,28.520897601583297,12.798910109849196
2018093006,3313,45,C,N,CFFG,3.55,49.92096253078461,16.187924511808177
2018093006,724,44,C,N,CC,4.46,32.916751054744154,14.902902401881324
2018093006,971,51,C,N,CC,4.76,49.43684658228112,10.880721483431145
2018093007,1060,37,C,A,CC,4.3,54.82320676501877,6.410124803777225
2018093007,1503,45,C,N,CC,3.99,39.75522104076394,13.238508224116492
2018093007,3113,46,R,N,CFFG,3.52,36.44758565392227,2.300978052915753
2018093007,3513,54,R,N,CC,4.18,56.21694139669998,12.011203103769404
2018093007,607,68,C,N,CC,4.48,62.616711028287014,24.417571541822088
2018093008,1322,55,L,N,CC,4.51,39.91003006764089,9.186119964381044
2018093008,193,37,L,A,CC,4.22,39.3626383770194,5.101342960436987
2018093008,2376,47,C,N,CC,3.58,43.87406181333112,16.755551318891303
2018093008,2829,56,L,N,CC,4.49,44.327983261141036,20.764094008648684
2018093008,3296,48,R,N,CC,4.67,41.00004512192639,1.6107762104029217
2018093008,362,47,L,N,CC,4.98,37.04120003455611,8.376974394135384
2018093008,3728,47,C,N,CC,4.69,43.790010276317595,1.7557049866079497
2018093009,125,47,C,N,CC,3.81,34.26694179526384,13.938999246717824
2018093009,1255,44,C,N,CC,3.98,39.377031376171566,4.025170803829323
2018093009,1834,42,C,N,CC,4.06,35.01453983704484,2.4161125801584675
2018093009,221,59,C,N,CC,4.45,51.02297521705295,13.896334048949742
2018093009,2630,49,C,N,CC,4.77,36.91864840429562,2.9347061181658294
2018093009,2880,40,C,N,CC,4.11,36.11006784817774,3.369287758562631
2018093009,3279,59,C,N,CC,4.7,46.98825491545733,8.708673837043163
2018093009,3589,53,R,N,CC,4.32,44.65364598775781,11.615666145340095
2018093009,4067,39,C,N,CC,4.5,26.04239812306078,1.318218494787566
2018093009,4562,49,C,N,CC,5.03,36.480466005795485,5.592173101755707
2018093009,5285,48,C,N,CC,4.12,54.819742793997136,4.126560310961178
2018093010,1942,55,C,N,CC,4.69,33.86898286042852,16.512643640556174
2018093010,212,55,C,N,CC,3.95,56.861102697714195,15.16679597014479
2018093010,2134,50,R,N,CC,4.85,30.15116747325052,10.561789621082218
2018093010,2752,48,R,N,CC,4.73,32.63894606141565,7.211414563038241
2018093010,2863,47,C,N,CC,4.38,49.90926968009049,1.927822605946928
2018093010,3062,42,C,N,CC,3.92,34.824729718979874,10.973390542580722
2018093010,334,45,C,N,CC,4.33,28.493202698187506,8.173450923569552
2018093010,3772,37,C,N,CC,4.31,29.44812557702103,4.086367580137644
2018093011,1053,53,C,N,CC,4.67,49.147730364687234,15.512266114272272
2018093011,168,51,R,N,CC,5.23,47.053716112545246,2.875221730580104
2018093011,1761,36,L,N,MBDR,3.04,44.32886756956464,8.041803280359453
2018093011,2806,44,R,N,CC,4.6,39.18138333443576,1.4591093173576835
2018093011,2906,55,C,N,CC,4.17,53.41968270216513,23.617010818475737
2018093012,1820,51,C,N,CC,4.94,35.72599333818446,9.976016238960323
2018093012,2191,42,L,A,CC,4.49,50.7894162203111,2.390146439028362
2018093012,2336,42,L,N,CC,4.4,45.03442238998965,8.802783650641427
2018093012,2699,33,C,A,CC,4.83,26.972152305665194,2.3620541907416084
2018093012,3122,40,C,N,CC,3.97,39.27027501813553,6.571362111465175
2018093012,3595,47,C,N,CC,4.95,31.562566435573643,1.7055204484262234
2018093012,708,44,C,N,CC,4.94,41.40434759780668,1.736778627229148
2018100100,1592,41,C,N,CC,3.63,39.231645389914505,4.713650390090466
2018100100,3000,42,R,N,CC,4.33,45.93398959376379,1.777920133189336
2018100100,568,51,C,N,CC,4.19,37.700580897381414,10.928096815090907
2018100400,1465,57,C,N,CC,4.37,49.6827585788068,8.60886171337419
2018100400,1632,51,C,N,CC,4.53,58.996150721890324,7.097548872674284
2018100400,2618,59,C,N,CC,4.22,47.57175317349572,15.775100633593436
2018100400,454,45,L,A,CC,4.13,54.13970446908627,13.921555229212
2018100400,554,38,R,A,CC,4.22,46.45340138246068,1.68617911266864
2018100700,2473,61,C,N,CC,4.12,61.84358737977609,13.81666023321121
2018100700,2576,42,R,N,CC,3.89,31.442789316471266,12.423594487908886
2018100700,584,45,L,A,CC,4.11,40.756761402250795,4.907015386158881
2018100700,736,40,C,N,CC,4.48,31.05547455763637,6.249807997050792
2018100701,1006,50,L,N,MBDR,4.53,51.67993130800389,1.205985074534503
2018100701,1150,48,L,N,CC,4.28,36.39917581484504,4.939635614091389
2018100701,173,51,C,N,CC,4.74,43.77371014661654,9.95281367252496
2018100701,2132,55,C,N,CC,4.99,44.46932538278493,3.9777506206397626
2018100701,317,48,L,N,CC,4.6,42.224316453910774,9.462837840732563
2018100702,1722,25,R,A,CC,4.13,41.55298424902837,8.959157326445384
2018100702,1828,50,R,N,CC,4.61,47.28127324850717,17.49361312022191
2018100702,2058,36,R,N,CC,3.52,40.67089008123624,4.646557865775486
2018100702,247,44,R,A,CC,4.42,49.74652249152698,4.700478699026301
2018100702,2497,58,C,A,CC,5.03,60.937083947297644,3.8796520462536326
2018100702,3148,32,R,N,CC,4.03,24.031500161246697,8.26658938135916
2018100702,3909,37,C,N,CC,3.6,49.53457075619006,17.878626904770957
2018100702,687,50,C,N,CC,5.33,41.343613775285775,9.945677453044613
2018100703,1350,43,C,N,CC,3.39,44.65199323658463,16.22007706516834
2018100703,1458,43,L,A,CC,4.59,31.262541483379113,2.698240167220109
2018100703,1543,46,R,N,CC,4.33,63.3286609680009,1.897630100941699
2018100703,1637,47,C,A,CC,4.22,37.28257635947387,6.0362322685595835
2018100703,3129,64,R,N,KTB,4.73,58.49795295563769,9.682520333053782
2018100703,3424,55,C,N,CC,4.66,56.82202741895083,10.87559193791308
2018100703,3540,49,C,N,CC,4.9,35.27589828764109,3.454113489739447
2018100703,3718,44,C,N,CC,4.09,45.111387697564794,14.098687882210884
2018100703,4645,41,L,A,CC,4.36,30.026155265035186,7.190340742969001
2018100703,4855,56,C,N,CC,4.76,32.3570981393573,15.612728781350173
2018100703,708,28,L,A,CC,3.97,27.288790739056207,7.4823124767681275
2018100703,818,41,L,A,CC,4.19,26.15705067472248,8.120301718532374
2018100703,970,59,C,N,CC,4.73,40.19368731529865,6.649037524333877
2018100704,1568,37,R,A,CC,4.3,38.71075561132849,4.960372969848131
2018100704,2023,43,C,N,CC,4.92,40.82956894212821,7.944287255632186
2018100704,324,51,C,A,MBC,4.37,29.32333030199673,0.908019823572145
2018100704,3913,53,C,N,CC,4.65,48.97702828878045,3.3906341589738074
2018100705,2406,53,C,N,CC,5.16,48.65510970083204,6.360770393592278
2018100705,4518,63,C,N,CC,4.62,54.74153998564527,17.159082143284937
2018100705,668,25,L,A,CFFG,4,25.119016700500044,1.9972230721679542
2018100706,1103,45,L,A,CC,4.51,39.85036260813696,1.6959363195592005
2018100706,1287,49,L,N,CC,4.43,37.06791739496569,11.896087592145573
2018100706,1377,43,C,A,CC,4.39,36.24970344706284,12.458475027064912
2018100706,2167,50,C,A,CC,4.18,50.02802114815256,11.100423415347727
2018100706,2928,45,R,N,CFFG,3.11,56.456585089783815,17.095145509763878
2018100706,3032,46,L,A,CFFG,4.16,47.42700180277054,2.1421951358361246
2018100706,3120,57,C,N,CC,4.77,49.95045745536272,11.60262470305749
2018100707,1236,51,C,N,CC,5.09,49.663251001117516,10.40815065225326
2018100707,1695,55,C,N,CC,4.9,47.75340511419054,6.501576731839735
2018100707,2303,42,C,N,CC,4.71,50.39543828562264,2.7064737205448735
2018100708,1147,50,C,N,CC,4.11,34.50133040913061,23.36965767828019
2018100708,1237,43,R,N,CC,4.2,43.28174673000155,5.665906811799855
2018100708,1376,46,R,N,CC,4.33,32.68244941860998,9.848639499951245
2018100708,2183,50,L,N,CC,4.71,32.19957297853498,15.232307769999933
2018100708,375,51,R,N,CC,4.57,54.13074911729932,13.513252754240929
2018100708,965,59,C,N,CC,4.07,42.07979325044267,11.120071942213324
2018100709,1469,41,L,N,CC,3.19,36.55387393970713,18.903251043140706
2018100709,3311,34,C,A,CC,4.09,45.702498837590916,6.480347212920004
2018100709,383,55,C,N,CC,4.25,38.08055934463149,18.138142131982537
2018100710,1351,46,C,N,CC,4.91,33.942742965175924,1.7252536045462956
2018100710,1477,50,R,N,CC,4.31,49.37706046333662,0.5977457653551383
2018100710,1778,51,C,N,CC,4.86,54.46555608822882,1.4956603892595366
2018100710,2408,52,C,N,CC,4.59,40.28965624077723,9.621876116433834
2018100710,2788,29,C,A,BF,4.21,25.59676737402596,0.9264987857520386
2018100710,666,40,C,N,CC,4.55,31.457107305027268,2.211650967037971
2018100711,156,38,C,N,CC,3.29,52.36089093970806,9.861384284166196
2018100711,253,5,NA,N,CC,NA,39.642993075700026,6.707637438025406
2018100711,3642,54,C,N,CC,4.98,55.45348501221542,10.217715008748286
2018100712,1052,36,C,N,CC,4.99,30.80901491446943,2.476206776503124
2018100712,2851,49,L,N,CC,4.51,48.53360073186411,13.700364958642528
2018100712,2943,52,C,N,CFFG,3.65,52.39704667249863,18.456546264130786
2018100712,3117,48,L,N,CC,5,38.603871567499546,9.260912482039773
2018100712,3630,47,C,N,CC,4.26,40.08206830990636,10.541313959843903
2018100712,4211,32,C,A,CC,4.7,35.82389426067467,3.5011569516375585
2018101100,1288,50,C,N,CC,4.63,48.87949672408668,2.178623418583403
2018101100,1387,44,C,A,MBDR,4.51,47.06133232283166,5.348429676082504
2018101100,1879,50,C,N,CC,4.51,32.03944131847495,9.065274402906947
2018101100,3441,50,R,N,MBDR,4.88,42.51543837243125,4.174937125275064
2018101100,3539,50,C,A,CFFG,4.3,52.572996871017345,11.121303880391002
2018101100,4155,53,C,A,CFFG,4.58,30.132789449368943,5.275992797569006
2018101100,615,41,C,A,CC,4.34,26.545545765721222,6.872044819411466
2018101100,708,51,R,N,CC,4.66,36.3305188512358,10.335153603115923
2018101100,983,52,C,N,CC,4.86,44.08544544404649,6.834215390225857
2018101400,1135,44,C,N,CC,3.74,37.0787809939863,17.217026456389036
2018101400,1655,51,R,N,CC,4.98,45.081058106481926,5.322189399110109
2018101400,2231,54,C,N,CC,5.13,44.12114232428712,8.116088959591318
2018101400,619,37,C,A,MBDR,4.44,44.833024658169116,2.849298159196401
2018101401,1269,33,R,A,CC,4.06,29.48702256925918,6.646878966853541
2018101401,1376,69,C,N,CC,4.61,53.190000000000005,15.69228154221049
2018101401,1571,51,C,N,CC,4.51,42.78680404049828,13.95725617734375
2018101401,2217,28,C,A,CC,4.25,28.684563793092615,3.2062439083762784
2018101401,262,32,C,A,CC,4.53,38.47433560180084,1.09416634932719
2018101401,2661,63,L,N,CC,4.25,68.39623162134008,9.744577979574077
2018101401,2901,35,L,A,CC,4.02,59.79007442711541,1.645144370564486
2018101401,3194,33,C,A,CC,4.14,31.75436505427247,5.670670154399751
2018101402,1005,37,C,N,CC,3.54,42.265704773492175,9.921169285925927
2018101402,1357,41,C,N,CC,4.65,36.92424948458669,5.338885651519439
2018101402,1474,29,R,N,MBDR,4.25,33.6846226043873,5.8742914466342215
2018101402,178,54,C,N,CC,4.8,48.10076922461844,13.7328584060275
2018101402,2461,47,C,N,MBDR,3.95,43.74822739266129,21.42021941997794
2018101402,2651,49,C,N,CC,4.77,44.720381259555474,13.809435180339568
2018101402,3314,42,C,N,CC,4.15,35.53659522239012,3.4114659605512667
2018101402,643,41,R,N,CFFG,4.09,38.56625079003663,10.721851519210661
2018101402,899,32,C,N,CC,4.48,24.86310117423006,2.1971800108320747
2018101403,1546,60,L,N,CC,5.32,49.33210820550852,14.771763604932222
2018101403,2424,42,C,N,CC,3.97,49.29318411301911,8.754713016427216
2018101403,2530,53,R,N,CC,4.37,40.18159280068424,18.2591127933424
2018101403,3013,45,R,N,CC,4.68,35.77330988320762,12.841140915043336
2018101403,532,38,C,N,MBDR,4.73,36.82472674711924,6.727176227809104
2018101403,856,49,L,N,CC,4.72,45.969195120210664,7.16634495401945
2018101404,1273,47,C,N,CC,4.13,44.67349661712187,6.674443797051562
2018101404,161,42,C,A,CC,4.71,49.68585814897434,1.5455743269089324
2018101404,245,42,C,A,CC,4.56,45.78971281849233,2.495455870176834
2018101405,1271,50,R,N,CC,4.68,49.633159278853086,7.759188101857049
2018101405,135,51,L,N,CC,4.4,43.20361674674935,4.84484261870291
2018101405,1888,55,C,N,CC,4.56,50.931017072114315,5.611933713079658
2018101405,2545,61,C,N,CC,4.49,48.21691197080128,23.861106428663355
2018101405,2902,34,C,A,CC,4.39,33.01340333864413,4.92878281120197
2018101405,3258,47,R,N,CC,4.78,31.806015154369774,6.829846264741255
2018101405,3642,43,R,N,CC,3.79,38.88625978414483,8.75514134666025
2018101405,953,49,L,N,CC,4.4,35.915285046898894,5.4471276834676825
2018101406,2021,45,R,N,CC,4.9,26.761885210126735,3.3209938271547568
2018101406,742,48,L,A,CC,4.39,46.645029745943994,15.102691813051077
2018101407,1573,36,L,A,CC,4.62,38.84349108924171,3.9702015062210623
2018101407,2457,37,C,N,CC,4.52,26.698992490354392,8.665194746801717
2018101408,1079,39,C,N,CC,4.11,42.70705094009653,6.492618886089034
2018101408,1939,40,C,N,CC,3.81,46.13365907881143,1.076707945545124
2018101408,251,51,C,N,CC,4.73,37.90341937081667,6.27236000242333
2018101408,403,40,R,N,CC,4.66,36.147405162749926,4.1827383375009255
2018101409,129,46,C,A,CC,4.51,43.00820386856442,5.98546572958195
2018101409,1449,30,L,A,CC,4.3,41.04497289559344,4.387824062106411
2018101409,1649,30,C,A,CC,4.84,38.64469562566123,1.9026297590440446
2018101409,2433,48,C,A,CC,3.86,37.15612466337144,8.787809738495698
2018101409,459,45,L,A,CC,4.06,52.9329840458669,9.570757545774516
2018101410,117,53,C,N,CC,4.68,40.402694217093995,8.054917752528588
2018101410,1258,40,C,N,CC,4.18,31.407879584588326,4.856305179866688
2018101410,2085,40,C,N,CC,3.9,36.13522658016689,7.480888984606033
2018101410,3770,39,C,N,CC,4.4,37.9806503367175,11.939254583096885
2018101411,1338,34,C,A,CC,4.36,32.45905882800671,1.4080127840328753
2018101411,1511,46,C,N,CC,4.45,46.355807618894964,8.3519578542998
2018101411,1915,45,R,N,CC,4.17,46.23913926534533,9.204042590079638
2018101411,2809,37,C,A,CC,4.24,31.790542618835556,1.4317122615944888
2018101411,3377,46,C,N,CC,4.68,45.60858033309084,12.849046657242704
2018101411,3461,44,C,N,CC,3.34,48.193569073062015,23.53979609087556
2018101411,897,45,R,N,CC,4.66,40.02691594414937,13.088670673525248
2018101500,1718,40,L,N,CC,4.77,39.3516467253913,5.077105474578992
2018101500,2662,36,C,N,CC,3.25,47.853368742440686,8.139834150644592
2018101500,3265,45,C,N,CC,4.49,35.976428394158305,3.080016233723449
2018101500,3355,38,C,N,CC,4.98,26.875806964628993,2.299434713141471
2018101500,3476,47,R,N,CC,4.71,53.57795255513223,3.3715278435747753
2018101500,696,34,C,A,CC,4.45,20.987608248678548,0.5336665625650532
2018101800,1126,56,L,N,CC,4.1,43.60645021094929,2.9642030969553974
2018101800,1346,50,L,N,BF,4.55,53.24089123972287,1.0890362712049586
2018101800,1468,39,C,N,CC,4.06,32.98698531239252,1.4577379737113219
2018101800,1725,41,L,A,CC,4.42,40.27011919525444,6.134989812542484
2018101800,284,54,R,N,CC,4.41,59.83934909405349,3.3654271645661944
2018101800,2889,46,C,N,CC,4.15,32.91524418867344,10.406344218792688
2018101800,3244,48,C,N,CFFG,4.3,40.4588741810743,16.522399946738982
2018101800,3360,48,L,A,CC,4.12,52.5428063582447,2.506671099286864
2018101800,3703,48,L,N,CC,4.61,40.92453176274592,8.551643116968815
2018101800,887,39,C,N,CC,4.74,36.04248742803416,2.2811619846034623
2018102100,2133,40,C,A,CC,4.23,35.98531089208485,12.41022965138035
2018102100,2261,54,L,N,CC,4.14,38.32784105581739,14.39880550601334
2018102100,3032,32,R,A,CC,4.33,35.31193849111091,1.5664609794054847
2018102100,469,49,L,N,CC,4.58,42.34871544687041,7.337097518774023
2018102101,2344,52,C,N,CC,4.45,38.429623989833686,19.61851421489406
2018102101,3053,53,C,N,CC,4.24,57.258971349475004,8.668679253496466
2018102101,789,38,C,A,CC,4.41,41.86602082835196,2.6504716561397164
2018102102,1651,43,C,N,CC,4.25,55.7410530937477,12.178148463539111
2018102102,2179,53,C,A,MBDR,4.09,46.194988905724394,6.468941180749746
2018102102,4052,37,C,N,CC,4.45,42.52635065462354,3.2640159313336734
2018102102,560,47,C,N,CC,4.27,34.08463730186959,6.454215676594643
2018102103,126,46,C,N,CC,4.51,41.73351650652027,4.414079745541526
2018102103,1394,51,L,N,CC,5.08,57.824359053948875,4.634058696218677
2018102103,2579,41,L,A,CC,4.45,46.65415951445273,5.35631403112252
2018102103,2717,46,C,N,CC,4.79,32.72427386512953,3.9080685766756984
2018102103,337,40,R,A,CC,4.07,38.50436468765587,5.452485671691398
2018102103,528,48,L,N,CC,4.53,49.663769490444444,3.113727669530526
2018102104,2463,61,R,N,CC,4.25,51.21802905227807,15.003656221068246
2018102104,2996,32,C,A,CC,4.33,40.100244388282725,2.4269528219559633
2018102104,3798,29,C,A,CC,4.33,32.5282215929491,3.656364314452267
2018102104,789,54,R,N,MBDR,4.77,52.121428414808435,6.750059258999142
2018102104,995,43,C,A,CC,3.95,54.71660534060934,9.200912998175772
2018102105,124,60,R,N,CC,4.6,53.635618762162146,3.548126266073404
2018102105,3075,55,L,N,CC,4.75,54.36861778636642,15.174402788907374
2018102105,3594,49,R,N,CC,4.48,40.08207205222804,5.371517476467894
2018102105,738,37,C,A,CC,4.06,39.796072670553805,2.1552030066794234
2018102106,125,49,C,N,CC,4.49,31.61731329509197,6.2539587462662425
2018102106,2576,51,C,N,CC,5.22,28.372037290261698,6.189095248903508
2018102106,581,61,R,N,CC,4.31,64.53055477833736,7.831557954838871
2018102107,1029,53,R,N,MBDR,4.78,42.072657391707494,1.0630145812734646
2018102107,1497,58,C,N,CC,4.32,45.02652218415276,13.936032433946185
2018102107,1587,42,L,N,CC,4.96,37.76400402499714,1.6703592427977867
2018102107,1729,27,C,A,CC,4.65,32.072968369017545,3.423127225213811
2018102107,1817,60,C,N,CC,4.56,55.23989862409235,20.31545224699661
2018102107,1917,53,C,N,CC,4.93,35.580637993155776,6.56902580296348
2018102107,2078,53,C,N,CC,4.87,33.11406347762232,9.92351248298706
2018102107,2406,31,L,N,CC,4.03,32.944330316459606,4.842323822298549
2018102107,3222,57,R,N,CC,4.86,34.15177008589746,18.303849321932265
2018102107,592,47,R,N,CFFG,4.78,22.573907504018887,3.3420053859920684
2018102107,744,41,C,N,CC,4.47,32.92894775118088,2.359512661546878
2018102108,1103,47,C,N,CC,4.53,32.54472921995204,1.6832409215557929
2018102108,130,47,C,N,CC,3.55,43.73077291793503,8.236583029387852
2018102108,3353,53,C,N,CC,4.21,49.15037843191037,15.392368238838364
2018102108,791,54,C,N,CC,4.59,45.884822109277046,2.36881827078398
2018102109,1838,79,R,N,MBDR,4.41,62.38807898949926,22.348693474116104
2018102109,2576,35,L,A,CC,4.59,46.25225724221467,4.133533597299047
2018102109,2756,53,C,N,CC,4.59,41.26997576931686,12.555317598531714
2018102109,3906,43,C,N,CC,3.91,32.174828670872515,3.9616410741004806
2018102109,4445,54,R,N,CC,4.46,63.68555958771188,16.75418156759679
2018102109,4748,54,C,N,CC,4.65,42.98530213921964,8.467449438880644
2018102109,811,41,R,N,CC,4.83,23.972125479397942,6.7566633777331235
2018102110,1029,41,R,N,CC,3.98,43.25963129755037,4.876402362397912
2018102110,1412,40,C,N,CC,4.54,26.54579627737694,4.890746364308817
2018102110,148,33,C,N,CC,3.31,44.26390403025924,6.658235501993001
2018102110,2220,41,C,N,CC,4.34,34.600442193706144,10.729109935125097
2018102110,2360,41,C,A,CC,4.6,38.72538831309507,3.156010139400697
2018102110,2448,45,C,N,CC,4.4,46.71524162412093,6.559153908851355
2018102110,3711,37,C,N,CC,3.94,20.36150289148618,1.0793516572461408
2018102110,620,27,R,A,CC,4.4,40.18913534775288,0.988837701546616
2018102111,126,50,L,N,CFFG,2.78,43.99231978425324,23.344012080188783
2018102111,2168,34,C,N,CC,4.11,42.687070642057414,11.03435090977263
2018102111,3155,29,L,A,CC,4.42,37.22500772330343,3.6501232855891304
2018102111,3243,46,C,N,CC,4.09,46.593395454720834,10.656528515421895
2018102200,1153,39,C,N,CC,4.76,36.210995567644915,4.0461957441527625
2018102200,1240,52,C,N,CC,4.61,34.89611153122938,7.853483303604841
2018102200,171,49,R,N,CC,4.67,41.52305504174759,16.308280105516953
2018102200,3067,40,C,N,CC,4.83,30.417305929355418,2.8617477177417294
2018102200,682,45,C,N,CC,4.82,41.47082106734807,4.105898196497321
2018102500,1210,60,C,N,BC,4.98,55.056401989232825,10.209079292472953
2018102500,2049,41,C,N,CC,4.56,47.48121523297397,5.288184943815787
2018102500,2060,42,R,N,CC,4.66,55.056368387317384,1.0683164325236154
2018102500,2615,37,R,A,CC,4.86,46.96871511974753,1.7528548142958074
2018102500,2736,53,C,N,CC,4.63,52.7904915680845,11.682914876005901
2018102500,3779,50,C,N,CC,4.59,44.65949395145449,14.644760155086189
2018102500,386,42,C,N,CC,3.87,58.126848357708155,9.78081796170443
2018102500,4080,31,R,A,CC,4.27,50.44684826626932,4.393927627988426
2018102800,1437,51,C,N,CC,4.26,43.5606106476941,17.22916713018944
2018102800,2455,60,C,N,CC,4.72,53.47011314743966,9.609755459947976
2018102800,3407,44,L,A,CC,4.08,45.46684616289104,2.0974508337503392
2018102800,776,53,C,N,CC,4.47,59.77194827007064,13.604943954313077
2018102801,2345,51,R,N,CC,4.84,48.96016441965856,16.34640633289164
2018102801,3502,57,C,N,CC,4.54,58.48536911057328,11.721996416993136
2018102801,696,53,C,N,CC,4.41,38.97665583397323,13.945612213165827
2018102802,1246,35,C,A,CC,4.4,39.878912974152136,3.7608509675338087
2018102802,1539,39,C,A,CC,4.45,34.91009166415923,7.840408152641026
2018102802,1977,35,L,A,CC,4.06,29.03758426591303,9.624302572134773
2018102802,2689,40,C,N,CC,2.98,39.96329440874463,12.636000158277934
2018102802,3570,48,L,A,BOG,3.71,47.027502591568684,13.00161528426372
2018102802,3855,48,C,A,CC,4.52,59.37521115751926,1.8075950874020368
2018102802,498,55,R,N,CC,3.92,59.68091152118908,18.712736304453177
2018102803,1557,44,C,N,CC,4.19,34.82804186284379,4.448909978859986
2018102803,3261,47,R,N,CC,4.34,55.54216416381342,2.0961870145576205
2018102803,4054,61,R,N,CC,4.93,43.66634974439701,13.317886468955953
2018102803,561,51,C,N,CC,4.17,43.58682599134743,7.570812373847336
2018102803,673,44,C,N,CC,3.62,40.371011877335945,10.506764487700295
2018102804,1965,50,L,N,CC,4.74,43.787422851773314,16.921066751242368
2018102804,3188,50,C,N,CC,4.38,34.410489679747364,7.177722480007154
2018102804,3377,49,R,N,CC,5.04,41.19623283748164,0.9265527507918818
2018102804,3842,60,C,N,CC,4.66,67.6163360438881,10.03611478611121
2018102805,115,44,C,N,CC,3.61,36.232506123645386,2.1772000367444453
2018102805,1544,50,L,N,CC,4.45,45.65728419431011,7.1535236072861315
2018102805,216,55,L,N,CC,4.84,45.02994226067806,10.545297530179031
2018102805,3622,41,R,A,CC,4.47,51.81622236327153,4.642208526122024
2018102805,3716,59,R,N,CC,4.33,61.058734018975535,2.958445537778243
2018102806,1086,46,C,N,CC,3.82,54.32919012832789,12.795663327862306
2018102806,1880,54,C,N,CC,4.52,41.67931381392933,12.289442623650595
2018102806,219,47,R,N,CC,4.65,41.2222876609244,5.741724479631537
2018102806,3175,44,L,N,CC,4.16,38.69758261183766,2.386650372383859
2018102806,3389,58,R,N,CC,4.55,50.081678286575034,16.969319373504646
2018102807,2487,45,C,N,CC,4.71,56.46471907306367,7.320245897509175
2018102807,3169,38,C,N,CC,4.3,42.4535628657949,2.264906179072325
2018102807,3463,54,C,N,CC,4.33,58.10225641057325,5.180366782381341
2018102807,3568,41,C,N,CC,4.95,29.477274297329465,1.2103718436910227
2018102807,3691,46,R,N,CC,4.5,56.76039464274363,4.476438316340344
2018102807,484,48,L,N,CC,4.06,35.94871068619847,8.853530369293367
2018102807,651,52,C,N,CC,4.79,46.026900829840805,15.147253876528247
2018102807,985,45,C,N,CC,4.14,37.07139733001712,20.026744618135023
2018102808,1193,46,R,N,CC,3.84,47.98735250042453,4.8652646382288385
2018102808,420,55,C,N,CC,4.62,61.296207060469904,9.926550256760917
2018102809,136,48,R,N,CC,4.79,33.53029823905538,2.0357799488156894
2018102809,1866,38,C,A,CC,4.25,46.02215227474699,4.043167075449642
2018102809,2190,36,C,A,CC,3.92,39.278004022607874,1.1410959644131597
2018102809,222,55,R,N,CC,4.27,58.67404877797339,16.28649747490233
2018102809,2377,40,C,N,MBDR,3.8,37.293668363409886,4.067284106132735
2018102809,2711,45,C,N,CC,3.56,48.09204715958763,9.747081614514158
2018102809,3409,40,C,N,CC,4.39,38.39037639825898,2.5023389059038355
2018102809,543,41,L,A,CC,4.18,58.08941469837685,1.3708756325794087
2018102809,785,45,C,A,CC,4.3,52.833990006434306,1.4041723540933277
2018102810,1069,47,R,N,CC,4.74,54.0755619480741,1.5831929762350503
2018102810,1155,43,C,N,CC,4.7,49.32454257263823,10.133040017684722
2018102810,1524,55,C,N,CC,4.81,65.46128015857924,2.821099076601173
2018102810,2252,48,R,N,CC,4.68,31.44318050070635,3.480359176866668
2018102810,724,51,C,N,CC,3.74,56.51485556913332,16.630989146770553
2018102811,1453,41,C,N,CC,3.48,56.607961454198296,6.43156279608619
2018102811,2652,40,C,A,CC,4.4,50.917954593640154,0.7334848328356907
2018102811,3697,30,C,A,CC,4.28,35.808039600067474,3.7820893696474163
2018102811,851,56,C,N,CC,4.09,43.454318542579855,10.369580512248316
2018102900,2817,55,C,N,CC,4.01,47.427427718568076,18.912519662911127
2018102900,3178,28,C,A,CC,3.73,36.98619201810319,4.388803937293169
2018102900,3646,36,L,A,CC,4.19,47.91337391584943,6.8549325306672415
2018110100,1675,36,C,N,CC,4.15,43.827137711696395,2.2063771209836274
2018110100,2518,48,C,N,CC,4.72,40.1625559445611,12.371616709226002
2018110100,2687,44,C,N,CC,4.52,31.831019462153584,5.244435145942796
2018110100,3679,36,C,N,CC,4.62,35.275295888199146,3.7437013769797485
2018110100,656,40,L,N,CC,3.52,38.387510989903994,15.100956923321123
2018110400,1105,43,R,N,CFFG,3.11,49.912716816458705,11.5850334483764
2018110400,1883,36,C,A,CC,4.53,28.793584354852385,1.109233969908964
2018110400,2030,52,C,N,CC,4.59,55.29650983561259,11.952213184176381
2018110400,3127,42,C,N,CC,4.75,47.421536246730774,4.512405123656343
2018110400,3265,52,C,N,CC,3.89,59.2927938285927,18.968779612826967
2018110400,4196,45,R,N,CC,4.75,56.00068303154882,15.72885882700967
2018110401,1221,34,L,A,CC,4.55,40.09646493146247,6.391189247706564
2018110401,1319,39,C,N,CC,3.56,42.66321717826728,11.503912377969513
2018110401,2180,46,L,N,CFFG,3.12,53.38619484473491,17.18272679175223
2018110401,260,23,L,A,CC,4.58,37.512429939954565,2.3084626919229194
2018110401,3585,61,R,N,CFFG,4.8,48.177921291811664,17.67716040544974
2018110401,434,47,C,N,CC,4.09,49.09921587968591,11.3475724276164
2018110401,758,43,C,N,CC,3.9,38.68261108043251,13.396066586875424
2018110402,1295,48,C,N,CC,4.4,43.41491103296194,5.180038609894717
2018110402,198,40,R,N,CC,3.9,42.32936805576006,4.426488450227788
2018110402,2234,59,L,N,CC,4.65,48.79240207245386,18.015995670514574
2018110402,2327,46,R,N,CC,5.04,44.60655557202326,5.231386049604827
2018110402,2410,55,L,N,CC,4.78,43.99556795860237,16.992907343947934
2018110402,580,45,C,N,CC,5.09,54.33289703301306,1.680743882928025
2018110403,3760,21,R,A,CC,4.15,38.726782722038756,2.321314282900957
2018110403,4011,42,R,A,CC,4.43,46.870566456999434,3.1953873004692275
2018110404,1046,55,R,N,CC,4.28,47.23414231252643,22.629328315263802
2018110404,1140,40,C,N,CC,3.55,42.83375538054071,4.544931242604228
2018110404,1266,41,L,N,CC,3.91,55.86047350318471,2.4091907354960544
2018110404,137,37,C,A,CC,4.48,32.008256747283184,4.559879384369726
2018110404,2134,35,C,A,CC,4.38,46.984015366930905,3.7564477901336533
2018110404,230,42,R,N,CC,3.34,46.29730445717115,7.721871534802944
2018110404,2319,58,C,N,CC,4.97,34.09029187320049,13.820709099029612
2018110404,2410,44,L,N,CC,4.19,51.03707867815319,11.986897012988807
2018110404,2496,57,C,N,CC,4.64,57.24374638333867,10.48927547545586
2018110404,2908,40,L,A,CC,4.29,25.80358502224061,2.061965082148581
2018110404,3343,48,C,N,CC,5.09,36.09608427516758,2.0808652046684797
2018110404,408,36,C,A,CC,4.61,45.37430219849117,3.5984441082223313
2018110404,515,60,C,N,CC,4.38,74.35271212269261,6.686777998408499
2018110404,639,48,C,N,CC,5.56,45.10164963723612,3.257115288103867
2018110405,1601,39,C,N,CC,3.6,30.700162866017504,15.1834120012598
2018110405,1953,48,R,N,CC,4.89,28.799236100980174,3.9512656200260654
2018110405,2331,42,C,N,CC,4.7,34.52186698311666,5.238205799698978
2018110405,2431,38,C,A,CC,4.62,43.87362077604263,6.711519947076072
2018110405,2559,52,C,N,CC,4.36,57.94993787744728,5.242003433802768
2018110405,461,41,C,N,CC,4.62,47.501984169084984,1.9431160541769015
2018110405,544,40,C,N,CC,3.7,44.357701698803105,10.173539207178589
2018110406,1038,36,C,A,CC,4.21,42.804430845416,1.7996110690924376
2018110406,2499,51,R,N,CC,4.65,43.91260639042051,13.44144709471417
2018110406,2587,48,R,N,CC,4.71,46.59444172860107,5.234825689552616
2018110406,2965,55,C,N,CC,4.34,45.93673257862383,7.223572523343274
2018110406,3140,43,C,N,CC,4.67,46.13280936600327,1.0141498903022201
2018110406,597,53,C,N,CC,4.49,61.429129897793594,8.988882021697691
2018110407,1368,53,C,N,CC,4.58,55.84703841744879,9.270021574947926
2018110407,1701,52,C,N,CC,4.44,45.480413366635084,9.583339710142802
2018110407,2212,44,R,N,CFFG,4.06,46.988477310932296,3.328137617346976
2018110407,2301,48,L,N,CC,4.04,36.91395400116329,5.07311541362898
2018110407,3171,50,R,N,CC,4.09,41.99824401091074,14.319668292247545
2018110407,329,59,C,N,CC,4.81,37.94885637275516,9.784007358950628
2018110407,3563,61,R,N,CC,4.7,38.57137410049064,14.896878867736023
2018110407,420,43,C,N,CC,4.08,35.84737786784411,4.234489343474605
2018110408,1130,50,C,N,CC,4.52,35.68428505659039,8.565523918593653
2018110408,1668,57,C,N,CC,4.58,44.17033619976194,16.45438847238025
2018110408,2333,38,C,N,CC,3.4,38.46278721049737,7.864000254323491
2018110408,2989,42,C,N,CFFG,3.9,53.56686289115688,9.46881196349363
2018110408,3147,61,R,N,CC,4.81,44.719366050962755,17.49647107276208
2018110408,3336,38,C,N,CC,3.71,42.00834678965598,4.980140560265343
2018110408,879,57,L,N,CC,4.29,46.557806005008445,9.89897469438123
2018110409,2864,28,C,A,CC,4.52,32.538544835318,1.8458873205046955
2018110410,1073,32,C,A,CC,4.34,41.04878195513236,2.8861739379323614
2018110410,1386,42,C,N,CC,5.01,39.56155962547482,3.4231710445141372
2018110410,2299,35,C,N,CC,4.15,32.66047305229978,3.4165772346019034
2018110410,3090,48,C,N,CC,4.4,66.71141206720182,7.670202083387369
2018110410,3835,53,R,N,CC,4.95,62.12422715817075,5.276637186693817
2018110500,1432,43,C,N,CFFG,3.97,39.215927886510606,0.9319334740205434
2018110500,2162,45,C,N,CC,3.83,41.21881609168318,11.698055393953306
2018110500,2728,47,C,N,CC,4.33,41.15741124026146,15.054902855880538
2018110500,3200,44,C,N,CC,4.65,34.31806521352857,6.550274803395656
2018110800,1913,46,C,N,CC,4.48,32.63868410337647,3.297711327572502
2018110800,2455,37,R,N,CC,4.46,43.84459487781819,0.752130307858949
2018110800,3026,44,C,N,CC,4.67,29.063200099094377,3.310422933704996
2018110800,491,45,L,N,CFFG,3.15,50.99463697292099,7.434258537339159
2018111100,2603,54,C,N,CC,3.99,52.912169677683785,24.956828724819985
2018111100,3423,50,L,N,CC,3.26,50.45198113057603,23.815898051511734
2018111100,570,28,R,A,CC,4.21,39.29498695762603,2.3110603626906863
2018111100,939,37,C,N,CC,4.55,40.87942269651078,1.0965856099730633
2018111101,1057,35,C,N,CC,4.16,47.42658537149813,0.7021395872616845
2018111101,1448,39,C,N,CFFG,3.15,46.217936994201715,9.380239869001207
2018111101,2107,42,L,N,CC,4.83,50.569961439573994,4.665672513153929
2018111101,2799,41,L,N,CC,4.41,55.3851830366209,4.824769424542482
2018111102,145,37,L,A,CC,4.34,46.01259501484349,3.518891871029854
2018111102,2114,38,L,A,CC,4.53,26.105516658361694,2.665801943130805
2018111102,2320,44,C,N,CC,4.78,35.79036322810932,10.302708381780006
2018111102,2653,43,R,N,CC,4.9,27.844318989696983,3.4116271777555056
2018111102,3125,50,C,N,CC,4.02,45.06289049761455,8.191855711619933
2018111102,333,36,C,A,CC,4.11,48.09988877326017,4.108357335967748
2018111103,576,39,C,N,CC,3.84,43.70125856311235,13.09022918057587
2018111104,1029,51,C,N,CC,4.63,39.17575908645549,5.07878922578994
2018111104,3472,41,C,N,CC,4.19,46.874185859596544,5.164426396028898
2018111104,385,45,C,N,CC,4.79,47.49339743585417,3.7271436784755156
2018111104,505,52,L,A,KTB,4.52,54.81720350400958,4.130108957400514
2018111105,1907,52,C,N,CC,4.7,63.909427317102455,5.547341705718154
2018111105,2899,52,R,N,CC,4.74,51.366706143181894,9.078265252789214
2018111105,3239,55,L,N,CC,4.27,58.33624773672026,8.551660657439582
2018111105,3342,48,R,N,CC,4.3,33.98572935807028,7.7174931162910605
2018111105,3762,32,R,A,CC,4.43,32.40802986915434,1.8284966502567077
2018111105,859,53,C,N,CC,4.35,43.869767494255086,13.242356285797479
2018111106,1139,52,C,N,CC,4.63,43.979741927391984,8.804385270988547
2018111106,201,50,C,N,CC,4.24,50.17789353888822,4.390136672132196
2018111106,2279,46,L,N,CFFG,3.66,42.239614108085796,6.304323912998126
2018111106,2396,35,C,N,CC,3.5,46.61018021848875,1.9801010075246142
2018111106,3089,40,R,N,CC,4.41,49.89477928601349,1.3743725841270233
2018111106,323,46,C,N,CC,3.78,38.93738178152198,6.472132569717645
2018111106,409,48,C,A,CC,3.46,60.9234700259268,17.51064247821878
2018111106,863,60,C,N,CC,4.62,51.68460602539212,25.608320913328143
2018111107,1289,52,R,A,CC,4.28,40.94948229220975,7.029260274025986
2018111107,305,56,R,N,CC,4.52,50.903776873626974,3.318508701209023
2018111107,3321,37,C,A,CC,4.47,46.61055781687235,3.376640342115228
2018111108,1345,55,R,N,CC,4.33,53.91030049999721,18.77371833175303
2018111108,1633,36,L,A,CC,4.2,42.77504061950147,2.3715395843207
2018111108,1721,42,C,N,MBDR,3.97,26.5468736389052,11.479046127618794
2018111108,2354,52,R,N,CC,4.01,56.12587014915671,8.756620352624635
2018111108,2649,32,C,A,CC,4.17,36.491064659721836,1.8094474294656908
2018111108,3238,53,L,N,CC,4.37,52.15436798581687,5.767087653226715
2018111108,816,49,C,N,CC,4.56,33.10490296013568,9.988057869275686
2018111109,1413,57,C,N,CC,4.61,41.488708102325866,9.4195116646246575
2018111109,2067,51,C,N,CC,4.97,35.44969675469736,4.31060320604901
2018111109,2274,54,C,N,CC,4.77,43.07382499848371,4.9353925882344996
2018111109,2425,38,R,A,CC,4.61,34.249410213900035,1.3652838532700806
2018111109,3578,40,R,A,CC,4.33,32.99732110338656,6.8323129319433304
2018111109,453,47,C,N,CC,4.75,46.047803422096045,13.813884319770448
2018111109,753,46,R,A,CC,4.07,39.67775195244811,13.847617123534283
2018111110,1095,68,R,N,CC,4.38,66.85909437017526,13.446724508221326
2018111110,1396,57,R,N,CC,4.25,61.1923075230866,8.777043921503411
2018111110,4058,55,L,N,CC,4.5,40.65893505737699,13.7341399439499
2018111111,216,46,L,N,CC,4.54,29.571136264945917,5.098431131240275
2018111111,3809,44,C,N,CC,4.2,50.57443721881638,12.48187485917079
2018111111,603,39,C,A,CC,3.66,36.791330500540475,13.302969593290062
2018111200,123,53,C,N,CC,4.31,40.45131641862845,16.977882671287365
2018111200,1271,40,C,N,CC,4.41,40.746742201064365,3.2434703636691316
2018111200,3165,32,C,A,CC,4.41,41.73135631632406,2.726114451008985
2018111200,3300,47,C,N,CC,4.53,34.52096464469091,8.733201016809357
2018111200,3391,49,R,N,CC,4.65,44.001360206248165,9.562829079304926
2018111500,1074,46,C,N,CC,4.92,37.62181946689979,2.4387086746883053
2018111500,1702,47,C,N,CC,4.57,37.51546347841114,6.343264143956171
2018111500,2493,38,C,A,CC,4.61,41.72679235215667,2.2031114361284567
2018111500,265,57,R,A,CC,4.45,51.49294417684816,10.528865086038474
2018111500,2681,40,C,N,CC,4.96,34.40571609485841,1.4800337833982038
2018111500,2766,59,R,N,CC,4.77,67.15086894448946,9.913632028676473
2018111500,976,54,R,N,CC,4.5,56.41719330133323,4.379611854947876
2018111800,1230,27,R,A,CC,4.18,44.382907746113254,4.390558051090996
2018111800,1363,44,L,N,CFFG,3.5,42.5509024581148,10.00092995675902
2018111800,263,35,C,A,CC,4.19,34.36313431571689,2.842006333560853
2018111800,3222,49,L,N,CC,4.36,38.35836936054504,8.714275644022285
2018111800,978,40,R,N,CC,3.92,39.780579432682984,11.459537512482777
2018111801,140,42,C,N,CC,4.55,37.08861415582955,2.5235292746469193
2018111801,1530,33,L,A,CC,4.61,46.90693019160388,3.24390197139186
2018111801,1618,53,C,N,CC,4.62,62.19358809395065,13.487809310633068
2018111801,3224,38,C,N,CC,4.36,32.26918809018907,4.180837236726637
2018111801,3999,43,L,A,CC,4.47,52.87422812675378,2.3146490014686902
2018111801,621,45,L,N,CC,4.54,42.40120399233965,2.3136551169091755
2018111801,776,39,C,N,CC,3.59,48.16290377458568,6.785779247809349
2018111801,886,42,R,N,CC,4.34,52.093596535466816,13.819974674361745
2018111801,981,42,R,N,CC,4.03,39.206837413900146,1.438089009762613
2018111802,1013,49,R,N,CC,4.25,42.10767744723045,4.6044000694987375
2018111802,128,46,C,N,CC,4.37,48.53959723771922,4.308155057562337
2018111802,1485,53,C,N,CC,4.79,58.27437601553533,11.94402361015751
2018111802,2310,38,L,A,CC,4.15,41.370680439170926,4.363954628545076
2018111803,1089,47,L,N,CC,4.6,29.66587601942677,3.6350103163539966
2018111803,1180,47,C,N,CC,4.24,38.84693295486788,2.9249957264926043
2018111803,1361,42,C,N,CC,4.28,35.2294663598528,3.1229633363201663
2018111803,2706,36,C,N,CC,4.08,28.347304986541495,8.846536045255235
2018111803,3604,52,L,N,CC,4.9,36.13396463163155,2.2655021518418406
2018111803,779,45,C,N,CC,4.63,29.270124700793463,2.1973848092675974
2018111804,1342,53,R,N,CC,4.41,65.33154291764431,3.494638751001309
2018111804,1582,56,C,N,CC,4.02,39.14560000817461,23.597722347718225
2018111804,2351,41,C,A,CC,4.58,39.7206973755497,1.328533025558641
2018111804,330,32,L,A,CC,4.41,43.65595033898587,4.852545723638259
2018111804,3422,52,L,N,CC,4.06,39.863680211440595,8.801141971358037
2018111804,595,58,C,N,CC,4.36,47.273803527958265,12.862425898717543
2018111805,1081,43,C,N,CC,4.3,36.27016680413808,2.5532724100651687
2018111805,3298,54,R,N,CC,4.75,44.663660844135926,8.724247818580125
2018111805,955,44,C,N,CFFG,3.55,33.95806384351145,17.917231929067608
2018111806,136,51,C,N,CC,4.76,38.79812495469336,1.8401086924418313
2018111806,2696,24,R,A,CC,4.13,21.985461105012106,1.3380956617521775
2018111806,580,49,R,N,CC,4.73,42.77375947938176,1.880106379968966
2018111807,1158,39,R,N,CC,3.19,32.25294095117528,13.616097091310706
2018111807,1594,53,R,N,CC,4.63,43.80893972695528,5.91574171173827
2018111807,1686,39,C,A,CC,4.4,38.68445165696419,0.9090654541890816
2018111807,1771,58,R,N,MBDR,4.67,52.91638120657912,16.622253156536868
2018111807,2153,46,L,A,CC,3.95,44.883160539338135,3.7406550228536175
2018111807,3083,60,R,N,CC,4.56,37.27820811144226,11.815688723049524
2018111807,3658,52,C,N,CC,4.74,43.40186631931857,7.387800755299238
2018111807,3870,47,C,N,CC,4.55,37.440065437977005,13.881199515891993
2018111807,644,48,C,N,CC,4.94,32.036349667213955,1.783704011320265
2018111807,746,57,C,N,CC,4.66,48.61978403901029,4.78941541317936
2018111807,863,38,C,N,CC,3.69,36.78660761744687,10.126015998407262
2018111808,2022,36,C,A,CC,4.72,24.431882858265343,1.1013627921806706
2018111808,2668,45,L,A,CC,4.17,43.771480441036026,3.4200730986340067
2018111808,4107,40,C,A,CC,3.97,53.58733059222115,6.806504242267097
2018111808,687,52,L,A,CC,4.31,51.11280857084651,6.144794544978702
2018111809,145,43,C,N,BC,3.31,48.53609481612628,14.622681012728135
2018111809,1716,35,C,A,CC,4.38,42.71049753866138,1.9308029417835464
2018111809,2961,46,C,A,CC,4.19,53.69086421356989,16.642337576194038
2018111809,3815,49,R,N,CC,4.57,36.72056235952821,6.4346017747798445
2018111809,462,35,C,A,CC,3.32,39.14769086421318,4.180550203023527
2018111810,1042,59,R,N,CC,4.04,51.41273383122124,24.62686541157848
2018111810,1862,57,L,N,CC,4.74,63.71552793471935,4.278738131739315
2018111810,2312,44,C,N,CC,5,30.65814736738017,0.7823681997627461
2018111810,2438,48,C,N,CC,4.58,35.17655611341168,12.153587947598025
2018111810,289,51,R,N,CC,4.99,58.36231660926424,2.702665351093253
2018111810,3197,52,C,N,CC,4.67,38.35510135562152,5.2719351285841896
2018111810,3296,41,C,N,CC,3.94,39.852654867649655,7.163274390947205
2018111810,381,46,C,N,CC,4.49,49.110802274041504,5.939604363928628
2018111810,4036,37,L,N,CC,5.18,40.95496184835239,3.8574732662715903
2018111900,2111,55,L,N,CC,4.56,54.251728083075854,10.330943809739747
2018111900,4032,59,L,N,CC,5.08,51.96341212815032,18.078108308116754
2018111900,4606,52,C,N,CC,4.8,36.8698969350336,4.6157664585635185
2018111900,512,49,C,N,BC,3.67,41.471678287718234,3.7900131925891682
2018111900,5456,68,C,N,CC,4.41,69.42533543311116,25.859151184832033
2018112200,133,53,C,N,CC,4.27,39.74531167320241,4.069643719049614
2018112200,1736,59,R,N,CC,4.26,56.9583575957032,18.808086027025716
2018112200,241,56,C,N,CC,4.56,45.46964811827776,6.45182919798719
2018112200,2451,22,L,A,CC,4.69,24.961318074172286,1.3184839779079616
2018112200,2619,42,C,N,CC,4.32,36.42701470063118,8.878389493596243
2018112200,3651,47,L,N,CC,3.89,35.88208466630667,19.41268914911069
2018112200,692,55,L,N,CC,4.62,46.496978396450665,12.988271632515236
2018112200,790,39,C,N,CC,4.07,48.8445831182947,8.819092923878282
2018112201,1266,51,C,N,CC,4.96,39.17122668490227,4.762121376025602
2018112201,2217,54,C,N,CC,4.59,52.95558988435498,6.791538853603062
2018112201,2305,46,C,N,CC,5.08,48.42862479980202,7.867026121731136
2018112201,2856,29,C,A,CC,4.43,42.81215248034137,2.464832651520171
2018112201,534,49,L,N,CC,4.61,48.7520030357728,4.527615266340548
2018112201,908,51,C,N,CC,5.11,47.799330539245005,3.5013711599886133
2018112202,1370,44,C,N,CC,4.95,46.43857986631375,4.256207231796872
2018112202,2237,39,C,A,CC,4.53,52.15977952407392,1.62049375191637
2018112202,2333,52,C,N,CC,4.75,48.350438467505136,1.4063072210580376
2018112202,3816,49,R,N,CC,4.4,39.77202660162039,1.96155550520499
2018112500,1273,52,C,N,CC,4.38,44.041582623697806,13.863448344477646
2018112500,1461,43,L,N,CC,5.01,52.88124431213774,1.9451735141112734
2018112500,1748,38,C,A,CC,3.14,36.510503968036375,9.923996170898091
2018112500,3650,56,C,N,CC,4.61,50.4402071764183,18.238160543212675
2018112500,3933,50,C,N,CC,4.49,46.19306441447677,13.999746426275014
2018112500,826,38,C,N,CC,4.07,30.933310524416882,11.729433063878242
2018112501,1385,42,C,N,CC,3.37,44.88814988390588,13.55482570894956
2018112501,1905,37,R,N,CC,3.55,54.27627566441899,14.69307319793923
2018112501,2407,52,R,N,CC,4.51,54.22221869307821,11.539159414792742
2018112501,2778,44,R,N,CC,4.82,48.044051660949656,2.2800219297190987
2018112501,2912,46,R,N,CC,3.81,56.11599593698753,15.867205172934527
2018112501,3634,55,C,N,CC,4.66,39.326043533516064,17.81350611193653
2018112501,731,49,L,N,CC,4.41,41.11947470481597,8.61443555899051
2018112502,1166,55,C,N,CC,4.8,45.0334653341268,4.439786030880318
2018112502,117,62,R,N,CC,4.44,47.93926365725699,19.86645413756567
2018112502,523,56,C,N,CC,4.62,51.960234795466434,16.41831294621954
2018112503,2446,48,C,N,CC,3.99,47.22760633358417,7.216716704984339
2018112503,2541,47,R,N,CC,4.64,40.63245131665084,4.2840168066897215
2018112503,3668,56,C,N,CC,4.31,48.39999690082635,7.403039916142555
2018112503,4188,46,C,N,CC,3.71,43.20456688823533,17.820353531846667
2018112503,954,51,C,N,CC,4.44,38.99414956118417,7.735024240427436
2018112504,1109,46,C,A,CC,4.69,44.67057196857905,1.6994410845922292
2018112504,1202,49,R,N,CC,4.51,46.839805721202566,3.1183489221060583
2018112504,1397,49,L,A,CC,4.72,50.46462622471309,1.684428686528464
2018112504,1526,54,C,N,CC,4.79,44.06842180064996,1.6752910194948274
2018112504,2312,8,NA,N,MBC,2.71,34.733131157441015,1.3170041761513183
2018112504,3631,57,C,N,CC,4.69,42.56851536053377,4.250647009573953
2018112504,3982,62,C,N,CC,4.34,52.62988504642585,19.241790457231364
2018112504,668,35,R,A,CC,4.41,46.721336667522685,3.375218511444851
2018112504,996,28,C,A,CC,4.33,34.76885531621655,1.48932870784122
2018112505,1469,48,C,N,CC,4.21,47.91923622095829,1.9298186443290475
2018112505,3680,47,C,N,CC,4.56,53.52561442898157,10.089484625093602
2018112505,3789,46,L,N,CC,4.46,65.81113051756519,8.847785033555008
2018112506,2502,38,C,N,CFFG,3.08,36.46842469863484,18.25319971950124
2018112506,3125,49,C,N,CC,4.11,51.437340522231516,12.08192865398567
2018112506,3238,56,R,N,CC,4.39,57.05530387264622,14.236965968913454
2018112506,496,41,C,A,CC,4.13,44.92491736219444,2.7313000567495287
2018112506,947,59,C,N,CC,4.75,38.21697266922121,13.957478282268614
2018112507,1082,42,C,N,CC,3.64,39.008563162464725,8.371672473287523
2018112507,120,56,C,N,CC,4.76,57.01615998995372,3.3414966706552356
2018112507,1967,39,C,N,CC,3.5,36.51455874031617,12.930034802737378
2018112507,255,35,L,N,CC,4.73,43.7196363205368,2.3146490014686893
2018112507,3539,46,R,N,CC,4.73,34.04095915217431,2.8011426240018524
2018112507,3661,40,C,N,CC,5.05,51.83655563403108,6.653878568173604
2018112507,560,54,C,N,CC,5.01,37.59285171412246,3.7607579023383035
2018112507,646,47,R,N,CC,4.95,36.57848821370286,4.110048661512412
2018112508,1025,60,C,N,CC,4.39,48.74432992666942,16.836225824097276
2018112508,2594,51,C,N,CC,4.76,34.370071283021794,4.505208097302502
2018112508,2995,52,C,N,CC,4.45,37.99786572953803,6.509592921220192
2018112508,3232,38,C,N,CC,3.88,31.486505045812883,5.1922442161362135
2018112508,392,53,C,N,CC,4.62,33.147616807245726,11.868365515099367
2018112509,117,47,L,N,CC,4.85,35.977662514399135,3.4225721321836273
2018112509,1242,37,C,A,CC,4.48,27.77030248304833,1.3200378782444082
2018112509,2302,52,C,N,CC,4.89,40.13182901388871,9.015880433989794
2018112509,2609,50,R,N,MBDR,4.6,67.90338504080633,2.21623554704819
2018112509,3012,49,C,N,CC,4.32,62.95490846629833,7.978301824323271
2018112509,3099,51,L,N,MBDR,4.34,40.73150377778852,5.003848518890236
2018112509,3830,32,L,A,CC,4.93,47.07927144720912,3.145600101729396
2018112509,4003,47,L,N,CC,4.09,35.4791051183651,8.718950624931882
2018112510,1306,54,L,N,CC,5.15,48.46648326421054,0.35355339059327656
2018112510,167,54,C,N,CC,4.79,45.295088033913785,8.034836650486428
2018112510,2450,59,L,N,CC,4.35,51.1536372118347,10.135763414760625
2018112510,272,45,C,N,CC,5.12,54.68368129524566,1.5026975743641846
2018112510,2857,43,C,N,CC,4.05,29.264423794088273,11.703114969955644
2018112510,363,48,C,N,CC,4.62,51.635708574590126,10.39162162513628
2018112600,2775,55,C,N,CC,4.09,53.52844477471768,14.808281466800933
2018112600,3013,48,R,N,CC,4.5,40.06787241668817,3.2758052445162247
2018112600,3109,55,R,N,CC,4.61,51.38152391667651,10.370043394316154
2018112600,323,50,C,N,CC,4.72,47.4272179238884,12.369046042439983
2018112600,3423,52,C,N,CC,4.55,39.949654566716845,17.758718985332248
2018112600,3685,31,C,A,CC,4.17,41.79402469253231,4.926225735794089
2018112600,803,44,R,N,CC,4.08,27.159160517217757,8.071982408305903
2018112900,2456,52,L,N,MBDR,4.58,58.92166409734199,14.367466721729338
2018112900,3018,50,L,N,CFFG,3.63,53.842760887606794,17.341813630644285
2018112900,432,57,R,N,CC,4.58,43.233921866978484,16.196302047072354
2018112900,558,51,L,N,CC,4.68,65.72234018961893,5.049683158377368
2018112900,650,55,C,N,CC,4.85,50.62775523366604,1.5014659503298762
2018120200,1457,38,C,A,CC,4.74,52.093447764570165,2.3860008382228157
2018120200,1834,39,R,N,CC,3.25,35.456545234977426,12.564334443176852
2018120200,1997,40,C,N,CC,4.42,48.63958059029703,2.7941546127585704
2018120200,2771,53,R,N,CC,4.76,57.082670750412504,3.490701935141403
2018120200,3398,53,C,N,CC,4.77,50.05756785941562,3.7528788949285303
2018120200,769,55,R,N,CC,4.75,59.3126436773813,24.13569969982225
2018120201,1535,38,C,N,CC,3.65,37.21589176682456,8.59179259526206
2018120201,2393,57,C,N,CC,4.62,50.01715805601114,15.956196288589583
2018120201,2537,47,C,N,MBDR,3.9,45.82866461069971,6.390719834259683
2018120201,3660,37,L,A,CC,4.72,41.74526200660381,1.0084145972763385
2018120201,4051,23,L,A,CC,4.35,35.59803365356014,1.240201596515664
2018120201,618,32,R,A,CC,4.17,32.90401191344302,1.25574678976297
2018120201,710,58,C,N,CC,4.6,43.70506835596988,19.571816471651267
2018120202,1224,44,L,N,CC,4.84,32.706308260028365,5.639086805503175
2018120202,1815,58,C,N,CC,4.62,53.40500725587443,11.95031380341119
2018120202,2355,54,C,N,CC,4.53,43.50027356235821,12.545903713961781
2018120202,3676,53,L,N,CC,4.7,54.2722783748757,2.7441574298862688
2018120202,442,39,C,N,CC,3.66,49.551380404586105,1.8796808239698537
2018120203,2164,44,C,N,CC,4.59,24.330649395361398,5.1374117997295095
2018120203,2395,48,C,N,CC,4.36,35.612853016853336,2.2214409737825567
2018120203,2581,57,C,N,CC,4.43,49.07669508025168,10.21883065717404
2018120203,3197,57,L,N,CC,4.73,52.08407146143627,6.659249206930165
2018120203,547,42,C,N,CC,4.8,30.921694649549853,5.480328457309839
2018120203,955,50,C,N,CC,3.76,37.75535193850006,11.579710704503809
2018120204,1171,29,C,A,CC,4.37,40.10429528117904,5.5286345511346555
2018120204,4265,33,C,A,CC,4.2,43.99982386328382,6.033945641120739
2018120204,503,40,C,N,CC,3.64,31.70906021943886,3.009800657850945
2018120205,2427,53,C,N,CC,4.29,49.903243381567904,5.6421981532023535
2018120205,2619,56,L,N,CC,4.75,40.68065879505886,17.55360361863056
2018120205,2826,40,C,A,CC,4.65,51.41912873629812,2.7600724628168773
2018120205,2932,55,R,N,CC,4.68,40.50662291527153,10.102004751533237
2018120205,298,55,R,N,CC,4.44,63.9070731609577,4.473935627610216
2018120205,3064,55,C,N,CC,4.24,41.514166256833335,9.154916711800265
2018120205,3666,50,C,N,CC,4.61,52.33364118805417,9.932819337932202
2018120205,4068,47,L,A,CC,4.54,53.3289086706263,1.5479664079042639
2018120205,587,38,C,A,CC,4.85,45.32699968010236,2.4647920804806236
2018120206,1295,49,R,N,CC,4.84,45.047210790458486,1.396173341673586
2018120206,1614,38,C,N,MBDR,4.2,31.85081631606952,2.354761134382851
2018120206,2922,52,R,N,CC,4.69,63.96151420971833,4.51983406775072
2018120206,3972,39,L,A,CC,4.8,37.11825696338663,4.583939353874566
2018120206,485,53,C,N,CC,4.82,53.46020950202122,12.345946703270673
2018120206,749,47,L,N,MBDR,4.21,55.763379560424774,12.890232736455923
2018120207,1384,53,C,N,CC,4.8,43.46951230460263,3.064000652741447
2018120207,1476,33,C,N,CC,3.73,41.88566461213192,2.6996666460879943
2018120207,2003,41,L,N,CC,4.19,36.769902093968106,1.072007462660591
2018120207,2144,49,C,N,CC,4.48,35.64110127366998,7.619934382919578
2018120207,2572,54,C,N,CC,4.19,46.5413289453578,19.074886631380014
2018120207,3314,53,R,N,CC,4.83,58.11128117672161,7.13354049543422
2018120207,367,54,C,N,CC,4.58,41.62349937234975,9.521811802382997
2018120207,465,43,C,A,CC,4.76,21.143627881704692,1.0841586599755597
2018120208,1370,47,C,N,CC,4.38,43.82331114829184,13.206865638750179
2018120208,1843,52,C,N,CC,4.75,37.89386493879979,19.14601786273062
2018120208,3040,57,R,N,CC,4.44,46.56991732867904,5.79017270899582
2018120208,3166,49,C,N,CC,5.03,43.717955121437235,4.456209151285434
2018120208,437,36,C,N,CC,4.34,44.07152028237737,4.670385423067347
2018120209,1259,59,R,N,MBDR,5.11,53.68800238414539,10.65046947322042
2018120209,1376,51,L,N,CC,4.69,49.47758785551292,6.148243651645566
2018120209,2975,31,L,A,CC,4.78,35.16819301584886,1.6519382555047257
2018120209,3486,55,R,N,CC,5.07,31.244301880502945,1.7901117283566421
2018120209,773,49,R,N,MBDR,4.64,37.24668710100269,10.005538466269567
2018120210,3191,43,L,N,CC,4.81,39.31587592817945,2.8878019322661292
2018120210,3903,45,C,N,CC,4.92,32.34699676940659,2.564449258612846
2018120210,874,39,C,A,CC,4.19,47.08555723361464,1.9190883252211177
2018120211,144,44,L,N,CC,4.28,35.07958523129942,6.763578934262538
2018120211,3080,40,L,A,CC,4.04,43.01761732127897,9.379408296902314
2018120211,3515,36,C,N,CC,2.96,33.644330874606496,5.155133363939284
2018120211,3826,53,R,N,CC,4.63,48.608596976255136,1.534046935396693
2018120211,4011,46,C,N,CC,4.15,36.01351968358551,11.797372588843668
2018120212,1459,36,C,N,CC,4.44,47.199238341312245,2.714479692316741
2018120212,1621,52,L,N,CC,4.3,49.92633172985975,10.568751108811298
2018120212,2171,44,L,N,CC,4.15,43.354318124034656,15.133175476416048
2018120212,3123,53,R,N,CC,4.81,47.53032926458642,22.822887635003603
2018120212,731,36,R,A,CC,4.12,38.94718988579279,3.928676621968271
2018120212,911,47,R,N,CC,5.1,57.69733529375512,16.121619025395685
2018120213,1445,43,C,N,CFFG,3.25,41.82335830609494,19.027099095763393
2018120213,1568,48,R,N,CC,4.58,37.20032929961776,3.7497333238511867
2018120213,1717,56,C,N,MBDR,4.79,39.10610821853793,16.025760512375065
2018120213,195,38,C,N,CC,3.96,45.695253582839435,8.344585070571213
2018120213,2735,53,L,N,CC,4.23,39.608670767901316,17.118659410129062
2018120213,2952,32,L,A,CC,4.23,29.71763954287083,1.7541379649275044
2018120213,310,47,R,A,CC,4.47,41.00749321770351,6.446099595879667
2018120213,467,44,R,N,CC,4.64,44.9739235557673,1.549225613007996
2018120213,860,40,C,N,CC,4.66,31.02809694454367,6.578518070203955
2018120300,1201,43,C,A,CC,3.89,48.72901394446639,11.457163697879157
2018120300,1663,44,R,N,BC,4.74,33.83605325684425,11.416312889895755
2018120300,2247,51,C,N,CC,4.97,47.32285705660638,2.221035794398639
2018120300,2660,34,C,A,CC,4.3,48.478457071156875,2.588146054611296
2018120300,3332,49,R,N,CC,4.47,44.63392879861686,5.315072906367322
2018120300,3816,53,C,N,CC,4.7,40.933040444120444,7.730879639471825
2018120300,547,59,C,N,CC,4.2,58.258198564665555,14.661650657412348
2018120300,639,50,C,N,CC,4.68,45.04073933673824,11.044093444008885
2018120600,1607,62,C,N,CC,4.67,50.54063414718893,6.393621821784583
2018120600,2280,52,C,N,CC,4.8,25.468011308305957,17.021568670366428
2018120600,3309,56,C,N,CFFG,4.22,52.99404494846567,1.114001795330689
2018120600,494,54,C,N,CC,4.41,49.509958594206076,14.04333649814032
2018120600,786,47,C,A,MBDR,4.14,32.14824723060341,13.409522735727762
2018120900,1979,32,L,A,CC,3.98,33.84186312837991,2.786144289156612
2018120900,3104,40,C,N,CC,5.03,25.107146393009298,1.9630588376307028
2018120900,3864,32,L,A,CC,3.93,38.03937433765177,1.2420144926690686
2018120900,533,56,R,N,CC,4.63,45.25644484490579,9.345127072437272
2018120901,2099,40,C,A,CC,4.22,37.276433574042464,3.2551036849845527
2018120901,2254,55,C,N,CC,3.76,52.806251523848964,19.391879743851554
2018120901,4085,37,R,A,CC,4.41,27.52386600752155,4.2000595233877265
2018120902,2231,29,R,A,CC,4.17,23.331928767249398,4.3318010111268945
2018120902,2314,49,C,N,CC,4.39,40.30989208618649,3.0308084729985834
2018120902,2871,47,R,N,CC,4.54,37.53187978239299,2.040612653102003
2018120902,3075,54,R,N,CC,4.59,52.73196848212665,12.683359176495786
2018120902,3412,38,C,N,CC,4.6,32.82489451620523,4.686971303517871
2018120902,4027,47,R,N,CC,4.17,38.00240123992167,10.230801532626847
2018120903,1034,45,L,N,CC,4.34,42.502896371894465,4.47403620906224
2018120903,1748,45,R,N,MBDR,4.57,54.23970593578104,3.5833643409511127
2018120903,2565,53,C,N,MBDR,4.5,38.54815300374326,12.395099838242528
2018120903,3018,47,C,N,CC,4.82,53.56156924512201,1.4356879883874487
2018120903,3129,47,C,N,CC,4.25,36.68829377335501,4.009301684832408
2018120903,3634,57,C,N,CC,4.65,53.09052834545915,13.771397895638632
2018120904,1145,47,C,N,CC,4.67,28.76530027654848,4.5136681313539215
2018120904,120,55,C,N,CC,4.48,44.6947021468988,10.597896017606512
2018120904,1305,36,C,A,CC,4.28,49.60440000645104,6.46037924583379
2018120904,1694,50,C,N,CFFG,3.54,52.870998666565775,17.05316686131934
2018120904,1902,41,C,N,MBDR,3.85,24.034183988644177,4.984235146940803
2018120904,2219,49,R,N,CC,4.58,50.31841114343734,10.946277906210863
2018120904,227,52,C,N,CC,4.28,48.76781110527721,15.583609979719075
2018120904,3557,31,C,A,CC,4.28,39.25004585984582,5.3867708323261745
2018120904,3773,42,L,A,CC,4.5,45.54249444200438,4.239339571206818
2018120904,3928,50,C,N,CC,4.02,39.068955706545324,19.670223689627935
2018120904,452,53,C,N,CFFG,3.8,47.445075613808434,22.611406413578084
2018120904,563,33,L,A,CC,4.61,45.30813282403061,6.864786959549436
2018120905,1824,53,L,N,CC,3.88,62.32574508178782,11.804312771186641
2018120905,236,30,C,A,CC,4.76,24.047723384969327,1.8988944151795317
2018120905,3600,50,C,N,CC,4.09,53.548492042260165,10.105731047282031
2018120905,382,51,L,N,CC,4.08,48.00301032227041,11.140219926015822
2018120906,1872,49,L,N,CC,4.38,63.97509593584054,2.530494022913312
2018120906,3167,46,L,A,CC,3.82,56.89486795836686,3.6320930604817927
2018120906,599,47,L,N,CC,4.4,45.590565910065216,8.783194179795863
2018120907,1689,44,L,N,CC,3.83,54.166857948380205,5.098519392921831
2018120907,3370,62,L,N,CC,4.81,73.89519402505145,25.40447401541704
2018120907,3718,43,C,N,CC,3.6,55.43342673874672,19.02062564691288
2018120907,693,37,C,A,CC,4.46,42.04618650959918,3.7308578102093386
2018120907,804,60,C,N,CC,4.35,48.046679385780656,7.893852038137018
2018120908,1078,52,C,N,CC,4.32,48.20127176745443,16.403176521637512
2018120908,162,51,R,N,CC,4.14,49.21668822665743,5.802930294256514
2018120908,1831,49,C,N,CC,4.54,30.428966462895186,1.7863930138690054
2018120908,2416,39,C,N,CC,4.68,30.538593615292765,3.061323243305093
2018120908,283,41,C,N,CFFG,3.59,45.015795005753255,20.20382389549067
2018120908,3453,45,C,N,CC,4.22,50.38607148806105,3.8993589216690356
2018120908,415,49,C,N,CC,4.43,28.178360491696463,11.119802156513396
2018120908,507,38,L,N,MBDR,4.4,41.431554399998085,1.9797474586421409
2018120908,687,44,C,N,BC,4.62,24.70495092081747,3.203388830597996
2018120909,1028,47,C,N,CC,4.65,49.94097015477372,1.6455090397806988
2018120909,1639,56,C,N,CC,4.94,45.87986595446853,6.893047221657493
2018120909,1729,50,L,N,CC,4.52,34.58547816642123,4.723822604628586
2018120909,1867,38,C,N,CC,3.53,31.3123138717023,15.572800005137161
2018120910,2048,39,C,N,CC,4.02,47.15704083167221,1.8700267377767557
2018120910,2173,39,C,N,CC,4.52,38.30232630010872,2.9086938649503833
2018120910,2804,53,C,N,CC,4.55,38.47197031606257,12.693092609762209
2018120910,2917,47,C,N,CC,4.45,51.87862469264195,15.366853939567463
2018120910,3505,44,C,A,CC,4.13,48.65122095076341,3.730147450168691
2018120910,396,55,C,N,MBDR,4.65,43.2000578703316,16.60010843338078
2018120910,4083,40,C,N,CC,4.42,34.95264510734487,3.067572330035592
2018120910,869,50,L,A,CC,3.7,51.91176552574571,7.868227246337006
2018120911,1750,48,C,N,CC,4.34,41.50848708396874,15.304169366548448
2018120911,1908,57,R,N,CC,4.69,36.87436643523519,9.249129688786939
2018120911,2070,45,C,A,CC,4.31,41.230156439189024,13.987337130419071
2018120911,2585,51,C,N,CC,4.11,48.157268402599414,16.345396905551112
2018120911,2972,55,R,N,CC,4.4,62.9561831752847,2.697572983257357
2018120911,3181,44,R,N,CC,4.62,41.35943060536496,10.400855734024967
2018120911,322,45,L,N,CC,4.66,28.89676279447232,8.43827589025151
2018120911,4226,36,C,A,CC,4.29,35.906869816234334,7.843372998908059
2018120911,437,43,C,N,CC,4.5,35.34903817644832,2.2105429197371396
2018120911,561,51,R,N,CC,4.66,51.22179614187695,1.461540283399672
2018120911,682,50,R,N,CC,4.39,55.23134074056142,4.238584669438618
2018120911,873,35,L,A,MBDR,4.42,45.520731540694726,5.5493873535733655
2018120912,1215,53,C,N,CC,5.05,40.435949352030796,10.758968352030783
2018120912,2094,42,C,N,CC,3.58,40.92876983247848,15.122357620424138
2018120912,2486,42,C,N,CC,4.39,47.103695184136036,2.346912865872954
2018120912,3472,50,C,N,CC,4.66,31.411859225458144,3.0486882425069326
2018120912,3568,39,C,N,CC,3.61,49.09497122924099,12.593113197299552
2018120912,359,39,C,A,CC,3.99,44.83089113546596,3.80910750701526
2018120912,835,50,C,N,CC,4.07,44.030557570850725,9.77871668471891
2018120913,1590,51,C,N,CC,4.15,42.42782223965778,12.428435138825801
2018120913,2224,36,C,A,CC,3.87,52.30298844234429,4.644502126170253
2018120913,2393,54,C,N,CC,4.35,55.08574497998551,20.283283757813965
2018120913,3174,32,R,A,ICC,4.34,31.759164031819225,1.0489041900955494
2018120913,3286,35,C,N,CC,4.24,30.092180047314617,2.9120439557121993
2018120913,644,57,C,N,CC,4.36,58.4286179881058,9.222852053459386
2018121000,1263,40,C,A,CC,4.46,45.443701433752075,7.864718685369493
2018121000,1386,41,C,N,CC,3.99,36.74628280520357,5.315336301684022
2018121000,199,45,R,N,CFFG,3.76,37.26933592110275,14.796381314361973
2018121000,2058,35,L,A,CC,4.51,34.531847619263,4.6601287535861005
2018121000,2234,43,C,N,CC,4.61,33.886044325061015,3.8900514135419875
2018121000,2321,51,R,N,CC,4.81,52.66420511125181,2.807080333727564
2018121000,502,38,C,N,CC,4.79,30.044981278077042,5.137635642978194
2018121300,2707,50,L,N,CC,4.3,58.805203851359956,3.6682420857953275
2018121300,3999,55,C,N,MBDR,4.2,39.95338408695814,7.039893465103008
2018121500,125,44,C,N,CC,4.02,33.437945511050756,1.1049434374663727
2018121500,1610,54,C,N,CC,4.37,45.707575958477605,10.550071089807878
2018121500,2280,50,C,N,CC,4.32,50.87388819423968,3.2125535015000146
2018121500,2599,51,C,N,CC,4.71,43.83300696963419,9.31830993260044
2018121500,2721,49,C,N,CC,4.18,50.52354401662655,3.7853005164715787
2018121500,2942,50,R,N,CC,4.9,36.33977435262911,3.100096772683074
2018121501,1066,37,C,A,CC,4.69,39.68718810901069,2.462214450449026
2018121501,118,40,C,N,CC,4.65,35.143342185967455,2.908418814407582
2018121501,2054,52,C,N,CC,4.62,54.41640653332412,17.103993685686397
2018121501,2166,46,C,A,CC,4.32,32.891185749376675,10.357934156963928
2018121501,3285,56,R,N,CC,4.65,38.723100340752666,10.626951585473604
2018121501,449,49,R,N,CC,4.42,54.21935540007831,8.625914444277779
2018121600,1374,64,C,N,CC,4.15,40.90754453642995,15.883403287708843
2018121600,1794,44,C,A,CC,4.41,46.96299074803478,3.7032418230517914
2018121600,226,40,C,N,CC,3.77,34.72419905483783,17.427200004590524
2018121600,2536,45,L,N,CC,4.91,23.969107200728192,2.0557237168452356
2018121600,2753,42,C,A,CC,4.52,35.54673684039085,7.695869021754465
2018121600,2880,36,L,N,CC,4.2,26.329557535211254,1.13110565377422
2018121600,3673,58,R,N,CC,4.59,45.70158968788723,25.540119420237648
2018121600,3776,50,C,N,CC,5.3,58.57725241081217,4.803800578708489
2018121600,4305,55,R,N,CC,4.67,59.255801403744435,6.706004771844417
2018121600,624,38,L,N,CC,3.91,30.338116289578696,4.671241804916551
2018121600,863,37,C,N,CC,4.15,26.77540662623072,5.24008587715888
2018121601,2603,33,C,A,MBDR,4.47,34.05555754939274,6.504713675481811
2018121601,3369,48,C,A,CC,4.26,53.655032382806375,7.114246270688134
2018121601,450,38,C,N,CC,4.25,35.45249356533331,4.3649169522454825
2018121602,1756,38,C,N,CC,4.37,27.07076097932971,2.8178005607210745
2018121602,1911,50,L,A,CC,3.71,46.20771580591276,7.153355855820399
2018121602,2230,36,C,A,CC,4.4,39.150286078137405,4.373191054596174
2018121602,2468,38,C,A,CC,4.15,45.29017553509812,3.8923514743661056
2018121602,2574,55,C,N,CC,4.59,36.02795858774127,10.821580291251365
2018121602,3208,52,C,N,CC,4.37,28.448804895812405,12.304019668384798
2018121602,3330,42,C,N,CC,4.33,25.95308266853862,5.860546049644175
2018121602,3807,42,L,N,CC,4.04,36.74362121511705,11.586612964969529
2018121602,3915,43,L,N,CC,4.33,40.571868332626735,3.155709112069741
2018121602,519,36,L,A,CC,4.13,37.42871892010197,5.549351313441963
2018121602,688,39,C,N,CC,3.69,31.899192779755413,1.7200290695217864
2018121603,1774,50,R,N,CC,4.61,44.78819710593405,2.8417776126924426
2018121603,3205,40,R,N,CC,4.41,47.11117171117695,2.6905761464786724
2018121603,3600,39,C,N,CC,3.93,44.56505020753371,12.352396528609336
2018121603,4171,51,L,A,MBDR,4.82,53.32308036863586,5.1923019942988695
2018121603,937,38,C,A,CC,4.12,37.53898906470444,5.002409419469773
2018121604,1023,32,C,A,CC,4.36,36.26019442860172,2.3036058690670194
2018121604,215,38,C,N,CC,4.27,28.16034800921324,7.005890378816956
2018121604,2219,39,C,N,CC,4.11,31.931528306675208,8.438418098198264
2018121604,2335,50,L,N,CC,4.51,53.20330816781979,2.270594635772756
2018121604,2751,40,R,A,CC,4.35,43.708659325126874,2.772453786810523
2018121604,3121,46,R,N,CC,3.99,39.672515675212736,8.64127884054207
2018121604,330,41,R,N,CC,4.68,29.955894244705835,7.2129328293004384
2018121604,3921,39,L,N,CC,3.54,39.74297547995117,8.669267558450368
2018121604,4261,42,R,N,CC,3.81,32.000931236449986,3.054472131154583
2018121604,581,38,L,N,CC,4.38,29.86468148164316,2.9400170067535316
2018121606,1029,49,R,N,CC,4.41,62.03747577069847,2.747981077081865
2018121606,1149,42,L,A,CC,4.39,44.0477014156244,2.500599928017274
2018121606,1827,72,C,N,MBDR,4.82,72.0725974278713,9.29873647330647
2018121606,1977,52,C,N,CC,4.37,47.63051647840909,12.697090217841254
2018121606,2639,61,C,N,CC,4.44,57.18802059872329,14.909232039243335
2018121606,2859,55,C,N,CC,4.5,38.58043675232306,6.439914595706992
2018121606,448,42,R,N,CC,4.02,53.055681128414506,2.2474207438750757
2018121606,855,45,L,A,CC,4.08,45.81694555511094,8.72267160908858
2018121607,1569,46,R,N,CC,4.83,47.29135438957103,3.4973847372000706
2018121607,2353,63,C,N,CC,5,49.48408431000819,15.29410997737364
2018121607,2545,63,L,N,CC,4.17,55.076092817119836,15.797990378525993
2018121607,2739,37,R,N,BF,3.1,62.41954902111997,15.097450115830823
2018121607,2893,42,C,N,CC,3.99,36.44448380756681,8.496316849082307
2018121607,370,48,C,N,CC,4.44,36.757797812164974,5.180347478692916
2018121607,692,52,L,N,CC,4.58,46.94163397241301,7.7325416261407804
2018121608,1730,50,C,N,CC,4.52,49.97761598956076,4.3044744162324875
2018121608,1815,50,C,N,CC,3.93,34.44433915754518,15.4720166752754
2018121608,2070,31,C,A,CC,4,36.76990617339131,4.589651402884541
2018121608,2915,40,C,N,CC,4.23,27.346348933632804,9.729953751174774
2018121608,3377,57,R,N,CC,4.51,38.868528400236606,11.101968293955801
2018121609,152,43,C,A,CC,4.33,39.03947361325458,4.048913434490787
2018121609,2269,55,R,N,CC,4.48,49.027967528748334,5.16400038729666
2018121609,2618,54,C,N,CC,4.59,39.22847052843125,19.617609436422157
2018121609,3887,41,C,N,CC,4.78,27.847387669223124,2.7100737997331303
2018121609,4205,53,C,N,CC,4.37,42.19566091436418,20.11099201929135
2018121609,4613,59,C,N,CC,4.74,43.49335236562019,8.686460729203812
2018121610,1598,43,L,N,CC,4.63,59.84159172348275,1.8878824115924187
2018121610,1749,34,C,A,CC,5,38.301155335054844,3.510697936308401
2018121610,686,44,C,N,CC,4.31,50.7509852121119,6.273985973844696
2018121611,126,65,C,N,CC,4.58,59.848944017417715,13.604264037425912
2018121611,2264,56,C,N,CC,4.65,39.55235138395693,7.915478507329799
2018121611,2359,50,R,N,CC,4.76,51.45853573509453,3.0768815381811545
2018121611,2543,54,L,N,CC,4.88,67.82537873097355,0.9730878685915259
2018121611,3852,47,C,N,CC,5.02,44.40993695109238,2.946404588646985
2018121611,4369,52,C,N,CC,4.81,39.88770236551612,3.350059700960561
2018121700,1445,56,R,N,CC,4.22,66.92673158013919,20.818484575011695
2018121700,2302,45,R,N,CC,4.61,38.48698481305075,11.901214223767246
2018121700,231,36,R,A,CC,4.49,48.004966409737236,3.3621719170797797
2018121700,2417,50,L,N,CC,4.59,56.558184199990016,12.570063643434745
2018121700,874,41,C,N,CC,4.44,44.247858705252625,2.4476110802167836
2018122200,2047,57,R,N,CC,4.23,53.37846475873955,11.736596610602238
2018122200,2175,30,L,A,CC,4.04,34.812016603466105,6.391189247706566
2018122200,723,50,R,N,CC,4.05,49.93358088501165,2.8028021692584817
2018122200,926,40,C,A,CC,4.13,42.690360738696036,4.739419795713394
2018122201,1205,47,C,N,CC,4.21,49.112248981287756,2.141074496602123
2018122201,2554,36,C,N,CC,3.66,40.02105071084466,12.888894444443249
2018122201,280,39,C,N,CC,4.33,34.36127616954877,4.555974100014178
2018122201,3009,39,C,A,CC,4.27,41.37255732970831,1.942575609854094
2018122201,3184,48,C,N,CC,4.54,52.67102903874197,2.577013775671368
2018122201,3278,54,C,N,CC,4.39,43.594678574339774,11.27613852344852
2018122201,3686,57,C,N,CC,3.9,50.30202878612353,24.54140379032952
2018122201,660,49,L,N,CC,4.62,47.81319587728893,2.847384765008057
2018122300,1235,51,C,N,CFFG,3.35,50.8229918442431,17.356457011729095
2018122300,133,43,C,N,CC,4.58,29.588768139278795,3.8780020629184824
2018122300,2330,42,C,A,CC,4.35,51.77270033521527,2.5984995670578814
2018122300,3761,52,C,N,CC,4.83,47.98316892411338,8.98581660173409
2018122302,1142,54,C,N,CC,4.23,61.632523881470235,6.73935456850282
2018122302,1582,39,R,N,CC,4.01,47.475283042863474,2.818226392609367
2018122302,1832,52,L,N,CC,4.53,47.514331522183916,9.345185926454317
2018122302,2134,33,L,A,CC,3.76,38.95515626974175,2.469534369066364
2018122302,2413,45,L,A,CC,4.07,60.82999342429686,10.205106564852716
2018122302,2605,53,R,N,CC,4.51,42.38658396238131,3.4117737322395922
2018122302,2717,42,C,N,CC,3.62,43.23478807627025,5.401897814657363
2018122302,3526,50,L,N,CC,4.65,39.454080904261346,3.3553837336435928
2018122302,813,41,C,N,CC,3.56,29.291479989921985,11.428035701729325
2018122302,979,29,L,A,CC,3.66,35.64006874291911,1.1699999999999997
2018122304,1058,49,C,N,CC,4.41,41.7066949062138,2.045018337326099
2018122304,2144,46,C,N,CC,4.75,42.326693705036774,4.143669871020133
2018122304,2477,40,C,N,CC,4.54,28.823075824762352,8.736000228937726
2018122304,2599,54,C,N,CC,4.32,48.19431501743749,12.683729735373584
2018122304,2774,32,L,A,CC,4.38,39.878040322964715,6.272001275510074
2018122304,3433,49,L,N,CC,4.54,48.436458375896976,4.978925586911294
2018122304,4038,37,C,A,CC,4.42,24.282668716597026,2.1696543503516876
2018122304,966,56,C,N,CC,4.13,46.00650932205137,31.450769465944706
2018122305,1209,51,C,N,CC,4.47,41.00936112645502,9.680728278388974
2018122305,2147,33,C,A,CC,4,43.29809695587093,2.131384526546066
2018122305,227,41,L,N,CC,4.84,24.398069595769254,4.078357512528787
2018122305,461,35,C,A,CC,4.51,30.47460910331746,1.761391495380859
2018122305,651,47,L,N,CC,4.7,36.59381505118044,3.6028460971848353
2018122305,743,50,R,N,CC,4.36,41.179938076689716,2.27683991532123
2018122306,1516,45,R,N,CC,4.68,49.88298407272764,2.2010906387516145
2018122306,1655,37,L,A,CC,4.38,35.49851405340793,4.595399873786827
2018122306,1779,57,R,N,CC,4.86,54.88429739005502,6.2939335871933
2018122306,3864,40,C,N,CC,4.71,45.91540155546939,2.9980827206733283
2018122307,1373,47,C,N,CC,4.66,39.15025925840084,7.810870630089842
2018122307,2815,47,R,N,CC,4.75,29.46988293156253,0.7355270219373348
2018122307,2930,58,R,N,CC,4.55,66.78704739693168,8.184259282305272
2018122307,3055,52,C,N,CC,4.06,45.90747433697479,13.015721263149418
2018122307,345,54,C,N,BOG,4.44,49.05188477520512,10.296844176736867
2018122307,3651,38,C,A,CC,4.46,47.33091167514102,8.033230981367334
2018122307,3780,54,R,N,CC,4.41,53.73941291082366,24.924688563751403
2018122307,597,46,C,N,CC,4.52,41.0918982282396,10.456863774574096
2018122308,1124,51,L,N,CC,3.96,58.432225697811646,18.686093759799014
2018122308,1216,45,C,N,CC,3.63,49.55893965774491,12.33390854514497
2018122308,2282,47,L,N,CC,4.33,40.72717520280532,6.289904609769536
2018122308,3289,38,L,N,CC,4.01,37.39953208263441,14.023469613472981
2018122309,3195,35,C,A,MBC,4.87,23.146734110884843,1.6361540269791284
2018122309,3309,41,R,N,CC,3.91,39.69251944636419,4.094984737456284
2018122309,341,37,C,A,CC,3.76,34.42890791181155,7.320000000000003
2018122309,928,41,C,N,CC,4.19,30.13572132868234,0.7736924453553874
2018122310,128,48,L,A,CC,3.49,42.01001904308066,15.997124741652799
2018122310,2622,29,C,A,CC,4.21,39.34344799328091,5.658171082602575
2018122310,967,48,C,N,CC,3.74,44.66766727734951,19.177145251574856
2018122311,2312,34,L,A,CC,4.39,36.37010448156562,7.3806368288922055
2018122311,2785,56,L,N,CC,4.76,38.27546080715424,2.6219077024182194
2018122311,2998,59,C,N,CC,5.02,47.08856761465568,13.981004971031233
2018122311,3616,55,C,N,CC,4.39,32.80617777187705,6.489514619753926
2018122312,2235,46,C,A,CC,4.41,54.52300523632203,6.497276352441834
2018122312,273,49,R,N,CC,4.62,46.35523702884066,2.334801918793112
2018122312,2842,45,L,A,CC,4.19,49.58529822437293,3.5970682506730407
2018122312,3108,28,L,A,CC,4.42,42.95091267947632,2.827189417071311
2018122312,582,41,R,N,CC,4.78,35.38359224273307,4.14966263688989
2018122313,1473,41,C,N,CC,5.12,43.09184261551135,2.2292599668948396
2018122313,3142,43,L,N,CC,4.48,43.48331174140259,1.948050307358614
2018122313,3416,42,R,N,CC,4.44,32.814585171840896,3.491618535865566
2018122314,117,48,C,N,CC,4.55,28.20468223540198,9.697015004629002
2018122314,3165,39,R,N,CC,3.84,33.87329331494061,11.360633785137168
2018122400,1120,34,L,A,CC,4.69,31.551483324877136,2.104875293218102
2018122400,2313,34,C,A,CC,4.51,36.3576800690033,1.4283556979968266
2018122400,241,65,C,N,CFFG,5.06,43.06419510451809,5.669303308167588
2018122400,2467,50,C,N,CC,4.44,36.20194746142809,6.003707188063044
2018122400,2569,43,L,N,CC,4.63,41.242659953014666,3.3643424320363127
2018122400,3753,47,C,N,CC,4.66,47.71383971134581,3.1940100187695126
2018122400,845,37,C,N,BC,3.92,27.018560287328416,1.2103718436910198
2018123000,1976,39,C,N,CC,4.47,42.898509298109644,3.399882350905688
2018123000,2502,53,C,N,CC,4.17,43.71121709584394,19.073240416877248
2018123000,2975,45,R,N,CC,4.22,43.821000673193204,3.322800024076081
2018123000,3106,56,L,A,CFFG,4.05,37.55463353569038,17.348005649065254
2018123000,4148,51,L,A,CC,4.25,48.36082815668069,8.842002035738284
2018123000,892,48,R,N,CC,4.38,54.431639696044435,6.676076692189808
2018123001,1223,36,C,A,CFFG,4.35,32.6056145471911,2.3400000000000034
2018123001,1326,35,L,N,CC,3.15,46.29261388169823,6.751925651249425
2018123001,1445,32,R,A,CC,4.12,36.11784185136205,3.1234916359740743
2018123001,1538,32,C,N,CC,2.99,49.032081334571146,6.28
2018123001,2289,54,C,N,CC,4.74,53.42898838645552,11.573733192017176
2018123001,3338,44,R,N,CC,4.46,58.09448338697918,3.958004547748767
2018123002,117,53,R,N,CC,4.45,49.14483085737502,3.8812884458643357
2018123002,1499,35,L,A,CC,4.18,48.683308227769395,4.1340778899290225
2018123002,2362,49,C,N,CC,4.3,52.8720209562676,6.825254574006751
2018123002,2503,32,C,A,CC,3.84,34.03857811366391,7.467697101516638
2018123002,3146,47,C,N,CFFG,3.35,54.677407583022806,11.262797165890898
2018123002,467,44,C,N,CC,4.04,31.649309629121458,4.128401627748933
2018123002,949,53,C,N,CC,4.54,38.21743188650958,3.311676312685159
2018123003,1209,48,C,N,CC,4.68,52.16342205032183,9.900161614842457
2018123003,133,50,C,N,CC,4.09,33.653130612173364,6.686770520961524
2018123003,1560,49,C,N,CC,4.53,34.987634958653615,3.8452048059888857
2018123003,1958,53,C,N,CC,4.66,38.06910033084575,8.459462157844314
2018123003,2065,43,C,N,CC,4.2,37.68498507363377,7.620026246673956
2018123003,2252,49,L,N,CC,4.84,36.459818979254415,5.671155085165624
2018123003,228,51,C,N,MBDR,4.85,31.3444891488121,0.8026207074328428
2018123003,2679,46,C,N,CC,4.98,50.90570203818035,6.150186989027237
2018123003,2867,43,C,A,CC,4.22,53.6804545435301,4.395509071768593
2018123003,3020,46,R,N,CC,4.68,27.220707191401186,2.251976909295479
2018123003,3377,50,C,N,CC,4.7,33.231292481635435,8.470005903185664
2018123003,3512,31,L,A,CC,4.16,41.60227878373972,5.47156284803528
2018123003,921,36,L,N,MBDR,4.07,34.721954150076286,3.5395197414338564
2018123004,2174,48,C,N,CC,4.37,47.574289274775296,13.522107823856459
2018123004,2862,38,R,A,CC,4.37,48.666317921124865,2.144411341137697
2018123004,465,28,R,A,CC,4.57,33.82255016996797,3.219720484762613
2018123005,120,43,R,N,CC,3.71,37.21696521749188,4.778378386021773
2018123005,1649,48,C,N,CC,4.84,35.89552896949702,3.492005154635371
2018123005,1737,45,L,N,CC,4.89,42.15080663522348,1.8612361483702176
2018123005,2386,37,L,A,CC,4.74,42.161590340023935,3.0026155265035137
2018123005,419,45,C,N,MBDR,4.92,39.937457355219806,1.587734234687907
2018123005,541,46,C,N,CC,3.71,40.492053541404886,5.298311051646554
2018123005,639,56,C,N,CC,5.35,51.68485368074481,6.448100495494784
2018123005,895,47,C,A,CC,4.57,43.05964235801315,10.058081327967075
2018123005,993,65,R,N,CC,4.65,51.58613185731219,23.5007276483091
2018123006,2025,47,C,N,CC,4.26,40.154845286714774,2.53852319272446
2018123006,2157,43,L,N,CC,3.83,41.99191946077246,1.4266744548074144
2018123006,217,33,R,A,CC,3.35,32.61715039668548,1.0741508273980929
2018123006,2774,44,L,N,CC,3.98,45.93623841805074,1.493452376207553
2018123006,303,51,C,N,CC,4.13,56.65594408356462,8.355082285651052
2018123006,3725,47,R,A,CC,4.1,50.50244053508701,3.1380567235153745
2018123007,2290,32,C,N,CC,4.64,36.887539901706646,1.0547511554864433
2018123007,2554,51,L,N,CC,4.58,52.94089629010827,13.283301547431648
2018123007,3882,57,L,N,CC,4.41,50.52764193983329,24.486406432957867
2018123007,586,31,R,A,CC,4.12,37.02860785932951,4.230189121067756
2018123008,2319,45,L,N,CC,4.55,38.59547382789853,9.464586625944102
2018123008,3154,38,C,N,CC,4.61,36.48480916765223,8.816949585882867
2018123008,394,33,R,A,CC,4.24,36.755941016385364,2.2698237817064117
2018123008,951,45,R,N,CC,4.34,46.89894881551185,1.6542369842317017
2018123009,1176,30,C,N,CC,4.29,42.501807020407966,6.627948400523344
2018123009,1968,43,C,N,CC,4.2,51.73205292659475,2.395078286820701
2018123009,2252,35,C,N,CC,3.43,45.92964293351299,8.360149520193994
2018123009,2354,34,C,A,CC,4.5,41.53849539884659,1.221187946222859
2018123009,2477,50,C,N,CC,4.67,46.55471834304231,11.725310230437401
2018123009,2752,48,C,N,CC,4.26,61.75837109250859,2.166010156947566
2018123009,290,40,R,A,CC,4.75,56.61079490697865,4.454054332852268
2018123009,390,50,L,N,CC,4.46,43.689537649190115,3.3426037755019684
2018123009,756,52,C,N,CC,4.22,62.81616432097713,4.669775155186811
2018123010,1005,41,C,N,CC,4.31,48.437531935473345,1.5432433379088404
2018123010,1091,40,R,N,MBDR,3.6,51.0684755989446,3.280320106331091
2018123010,125,59,C,N,CC,4.79,44.85435207424135,17.424824245885524
2018123010,1497,56,C,N,CC,4.8,39.74927672297951,12.155332163293604
2018123010,1621,58,R,N,CC,4.64,54.36839707035696,14.028132448761665
2018123010,3345,44,L,N,CC,4.66,64.185709468697155,2.8906746617355608
2018123010,823,49,C,N,CC,4.81,42.25484232605773,2.0768485741623026
2018123011,1435,57,L,N,MBDR,4.22,61.726416549156646,7.4303835701799414
2018123011,1664,33,L,A,CC,4.4,42.24062617907079,3.342528982671655
2018123011,2663,36,L,A,CC,4.35,42.17621248998066,5.546332121321257
2018123011,2834,54,C,N,CC,4.42,62.03144766971024,3.349701479236614
2018123011,3068,40,R,N,CC,3.64,47.3634299855912,14.51580173466144
2018123012,1090,42,R,N,CC,4.41,53.301146329136294,4.991643016081971
2018123012,2104,36,L,N,CC,4.23,49.0917029649614,5.065461479470553
2018123012,2939,42,C,N,CC,3.51,45.26942124657659,9.369653141925793
2018123012,422,56,C,N,CC,4.68,52.68678961561427,4.592047473622195
2018123012,516,45,C,N,CC,4.05,31.780580548504776,14.657864783112172
2018123012,608,39,R,N,CC,3.91,59.55444987572298,3.403659794985389
2018123013,1003,39,C,A,CC,4.1,32.611096271054734,4.850938053613961
2018123013,1221,33,L,A,CC,4.37,47.91716185251376,2.304170132607401
2018123013,2461,35,C,A,CC,4.14,50.58402119246749,4.196867879740793
2018123013,2717,49,R,A,CC,4.11,48.62923914683429,3.5446438467073085
2018123013,3260,41,C,N,CC,4.02,34.13107235350217,11.867034170339279
2018123013,585,55,L,N,CC,4.57,46.47899418016702,1.9932385707686855
2018123014,1602,44,C,N,MBDR,3.34,45.89649768773212,10.837439734549855
2018123015,127,47,C,N,CC,4.36,47.73958629900348,4.019975124301151
2018123015,1397,42,R,N,CC,4.47,29.45808208285122,4.300988258528501
2018123015,1714,54,R,N,CC,4.36,58.22067330424821,10.254403931969907
2018123015,1958,42,C,N,CC,3.9,34.723371092104514,9.859999999999992
2018123015,2277,44,C,N,CFFG,3.04,48.1028699767488,19.771696942852433
2018123015,2395,50,L,N,CC,4.75,34.10493952494273,3.064522801350974
2018123015,2489,65,C,N,MBDR,4.4,54.41239013313053,25.185813467108826
2018123015,592,46,C,N,CC,4.1,40.358435301681354,16.69572699824718
